gene;LPS;SeV;MARV1;MARV2;MARV3;SUDV1;SUDV2;SUDV3
ABCA10;;-1.893958982;;-1.695531457;;;;
ABCA2;;-1.808627014;;;;;;
ABCA5;;-1.539591431;;;;;;
ABCA6;;;;-1.904872718;;;;
ABCA7;;;;2.171995568;;;;
ABCA9;;-2.169031778;;;;;;
ABCB1;;;;;;5.526947661;2.597764494;4.794124646
ABCB4;;;;;;;-1.558708203;
ABCC2;;;;;;4.94995913;;
ABCC3;;;;;;-1.513202944;-2.093117295;-1.961565493
ABCC5;;-1.721240205;;;;;;
ABCC8;;-2.405303876;;;;;;
ABCG1;;1.535971964;;;;;-1.937297797;
ABLIM1;;-2.415645124;;;;;;
ABLIM2;;;2.183639317;1.566403707;;;;
ABTB2;;2.295863214;;;;;1.665284247;1.876946259
ACAP3;;-1.738153378;;;;;;
ACKR1;;;;;;-1.625911345;;
ACKR3;1.871592747;;;;;;;
ACOD1;1.955984366;1.901182688;;;;-1.800696072;;
ACP3;;1.666048913;;;;;;
ACSS1;;-1.798180077;;;;;;
ACSS3;;;;;;;2.177420314;
ACTA1;;;;;;;3.204154149;4.489456799
ACTA2;;2.693678922;;;;;;
ACTBL2;;;;;;;5.585967711;6.227508475
ACTG2;;;;;;;;6.593862316
ADA;;2.177039497;;-2.477044829;;-2.593106552;-1.92477948;-1.897660418
ADAM11;;;;1.717087417;;;;
ADAMDEC1;;;;;;;;-1.596892791
ADAMTS1;;;;;;;4.195756152;5.695454731
ADAMTS10;;;;;;;2.817257059;
ADAMTS15;;-1.785790743;;;;;;
ADAMTS20;;-1.716450797;;;;;;
ADAMTS9;;;;;;;;2.498735114
ADAMTSL4;2.406925952;2.603311846;;;;;;
ADCY3;4.170284911;2.721928121;;;;;;
ADCY6;3.661632152;4.339196687;;;;1.92287776;1.646359742;
ADGRA2;;;;2.02840978;;;1.608613971;
ADGRA3;;-4.15906457;;;;;;
ADGRD1;;;;;;;;4.625898666
ADGRE1;1.848886351;2.335269662;;-2.388371166;;;;
ADGRF2;;;;6.48833029;;;;
ADGRG1;;;;;;3.824514809;;
ADGRL2;;;;;;2.446617878;2.930260148;2.979971085
ADGRV1;;;;;;1.789791909;;
ADIRF;;;;;;;-2.01240922;
ADM;3.621487933;4.777275763;;1.745857464;;;2.618358052;1.949114951
ADORA2A;2.026522972;2.314145972;;;;;1.865779219;
ADORA2B;;-1.908987885;;;;1.590769463;;
ADRA1B;;;;3.977344044;;;;
ADRB2;;;-2.490177717;;-1.729031057;;;-1.627122613
ADSS1;;-1.644746082;;;;;;
AFF2;;;;3.951422573;;;2.231597823;
AGBL2;;2.553230432;;;;;;
AGBL3;;1.641875176;;;;;;
AIFM3;;;;;;;5.339607392;
AJM1;;;;;;1.899500422;1.78654378;1.600094591
AK1;;;;;;1.551753944;;
AK4;;;;;;5.441869476;;
AKAP12;;;4.094586809;;;3.821262723;;
AKAP5;;2.400410025;;3.728431867;;;;
ALAS2;;;;;;;3.009219665;
ALDH1A1;;;;;;6.190299216;6.97196279;7.037782809
ALDH1L1;;-1.754897984;1.862478518;2.120518275;;;;
ALDH1L2;;4.849027991;3.357054523;;;2.244603755;2.452648086;3.237647229
ALDH4A1;;1.915443687;;;;;;
ALOX12B;;;;3.219556731;;;;
ALOX5;;-1.53459183;;;;;;
ALS2CL;;;;;;1.614162569;1.690135407;2.218867636
AMER1;;1.756133567;;;;;;
AMHR2;;;;;;;2.154923858;
AMIGO2;;-2.292790383;;-2.504962309;;;;
AMOTL2;;;;3.059487837;;;2.208074583;
AMZ1;;4.707414376;;;;;;
ANG;;;;-5.124393612;-4.90405381;-2.207255956;-5.054759618;-4.902525097
ANGPTL4;;2.213355814;;;;;;2.530458167
ANGPTL8;;;;;;;1.595708894;1.885407024
ANK3;;;;2.410946615;;;;
ANKFN1;;;;;;;2.714193459;
ANKLE1;;-1.990382444;-1.848431939;-2.215474948;;;;
ANKRD1;;5.489047209;;;;;;
ANKRD22;1.770438226;;;;;;;
ANKRD33B;2.334988722;3.585525464;2.124523472;2.171949708;;2.617962413;2.049182804;
ANKRD45;;2.080034772;;;;;;
ANKRD66;;1.738794516;;;;;;
ANLN;;-1.8315293;-1.659160324;;;;;
ANO1;2.706506128;2.487341975;;;;3.198652534;4.078471465;3.619085679
ANO2;;-3.557367306;;;;;;
ANO3;;;;;;;6.165404282;6.545331002
ANTXR1;;2.365048392;;;;;;
ANXA1;;2.034763435;;;;;;
ANXA10;;;;;;;6.104937519;
ANXA13;;;;;;2.993632991;2.053929036;2.244129822
ANXA3;;-1.857572736;;;;;;
AOC2;;;;;;1.627790503;1.90753705;
AP1S2;;-1.555572779;;;;;;
APBA1;;-1.749113404;;;;;;
APBB2;;1.551628122;;;;;;
APOA2;;-2.440900888;;;;;;
APOC1;;;;;;;-2.318933606;
APOM;;;;;;1.656944014;2.084343664;
AR;;;;-3.04291162;;;;
ARAP2;;;;2.143214735;;;;
ARG2;;;;;;;1.68096981;
ARHGAP19;;;2.25579185;2.123002544;;;;
ARHGAP24;;;;;;;;1.801450598
ARHGAP29;;6.230716334;;;;7.707035191;6.184971018;6.458848829
ARHGAP33;;;;-1.522783675;;;;
ARHGAP9;;;;;;-1.501278916;;
ARHGEF15;;;;;;3.175734244;;
ARHGEF16;;;;2.022324021;;1.747813338;1.981239568;
ARHGEF38;;2.11934627;;;;;;
ARHGEF39;;-2.211806049;;;;;;
ARID5A;;1.735579793;;;;;;
ARL4A;;1.950227647;;;;;;
ARMC12;;;;2.799722359;;;;
ARMCX2;;1.506254157;;1.554040134;;;;
ARRDC3;;1.84270298;;;;;;
ARRDC5;;;;;;;4.737891804;
ARSI;;3.133138712;;;;;;
ASAP3;;;;1.983522759;;;;
ASB11;;-2.06741629;;;;;;
ASCL4;1.587150582;2.197956233;1.598228836;2.473694599;;;;
ASGR2;;2.526471724;;;;4.649124105;3.495713279;3.710168735
ASPH;;;;1.543671834;;;;
ASPHD2;2.947924437;7.198948249;5.166910833;6.887601775;;4.021190027;6.147639872;
ASPM;;;;-1.601228485;;;;
ATF3;;2.298021429;;;;;;
ATP13A2;2.519793073;4.829015364;;;;;1.684881652;2.304060393
ATP1B2;;5.285711488;3.678096931;1.904282456;;;;1.962868302
ATP5F1E;;-1.750525466;;;;;;
ATP6V0A1;;-1.512629022;;;;;;
ATP6V0C;;;;;;-1.543298256;;
ATP6V1FNB;;2.449157008;;;;;;
ATP7B;;2.049783269;;;;;;
ATP9A;;-1.916990898;;;;;;
ATXN3;;1.565658251;;;;;;
AURKB;;-2.126063534;;;;;;
AVIL;;;;;;;1.763416404;
AXIN2;;;;;;-3.012359635;-3.43567577;
AXL;;3.736296372;;;;;;
AZIN2;;;;;;1.647830142;2.148450335;
B3GALT2;;;;;;2.09637345;2.612927738;3.079343539
B3GALT5;;3.861143886;;;;;3.895173663;
B3GNT2;;1.805676049;;;;;;
B3GNT7;;1.686062789;;;;;;
B4GALNT2;;2.374611489;;;;;;
B4GALNT4;;2.139908294;;;;;;5.364976108
B9D1;;;;;;;2.500863356;
BACH2;2.3852736;4.597354911;;;;2.429754729;3.147915523;
BARD1;;-2.014958413;-1.786328951;-2.286542955;;;;
BATF2;;2.719212013;;;;;;
BBS1;;2.1608193;;;;;;
BCAS4;1.53019383;2.116634516;;;;;;
BCL2L15;;2.178227466;;;;;;
BCO1;;;2.047507592;;;;2.558946179;2.436028924
BDH2;;;;;;;3.810809916;
BICC1;;;;;;;2.101775143;2.160873294
BIN1;-1.670286879;-1.863821074;;;;;;
BIRC5;;;;-2.398947794;;;;
BMF;;-1.521342362;;;;;;
BMP1;1.542559852;1.686083067;;;;;;
BMP8A;;2.097061927;;;;;;
BNC2;;-1.786834194;;;;;;
BNIP5;;;;;;;;-4.344175362
BOK;;5.37366271;;;;;;
BRINP3;;;;;;3.344006808;;
BST1;;2.769232117;1.760593241;2.132375835;;1.614527417;2.311419974;
BTBD19;;;;;;;1.765444824;2.393911368
BTC;;2.123686488;;;;;;
BTN2A2;;-4.210093498;;;;;;
BUB1;;-1.651462622;;-2.151124372;;;;
BVES;;;;;;;;5.631531796
C1QC;;2.461187773;;-5.077126986;-5.27705874;-2.876061819;-4.532309103;-4.883674618
C1QTNF5;;5.235907946;;;;;;
C1R;2.43256157;3.996808583;;;;;;
C1S;;;;;;-2.074019168;;-2.349452394
C3;;;;;;;-1.507396069;-1.632782186
C3AR1;;;;-3.561196241;-3.325950084;-2.398708872;;
C5;;-5.412809369;;;;;;
C8G;;;;1.514017143;;-1.663678276;;
CA12;2.262928931;1.550220349;;;;3.875728481;4.073794241;2.92992286
CA4;;;;;;;5.02228589;5.538276645
CABYR;;;;;;2.055380729;1.776036897;
CACNA1A;;1.670222139;;;;;;
CACNA1E;;;;;;;2.516369158;
CACNB2;;2.198465883;;;;;;
CACNB3;;;;;;2.791957924;;
CACNG7;;;;;;4.019789057;;
CALHM1;;-1.772276025;;;;;;
CALHM6;;;;-2.196665502;-1.947306834;-1.816135574;;-1.789787694
CALML4;;-2.19175945;;;;;;
CAMK4;;-2.584807838;;;;;;
CAPSL;;;;;;;1.877618207;
CARD14;;-1.544429736;;;;;;
CARMIL2;;;;;;;;2.857638501
CARNS1;;-1.848140941;;-1.625616353;;;-2.067916712;
CASK;;1.676576553;;;;;;
CASZ1;3.000435409;5.188129283;3.819776562;3.108740421;;3.129081539;;
CAV2;;;;;;4.768673852;6.798219289;
CAVIN1;;;;;;;;2.978927558
CBFA2T3;;;1.561231235;1.7392541;;;;
CBLB;;2.4704072;;;;;;
CBLN3;;1.773294026;;;;;;
CBS;;;;4.795658601;;;;
CBX4;;;;-1.524431884;;;;
CBY3;;;;;;4.861498077;;
CCDC121;;1.808186942;;;;;;
CCDC125;;;;;;;1.687685217;
CCDC14;;-2.11956273;;;;;;
CCDC152;;;;;;;-5.884883211;-4.07735213
CCDC181;;;;;;;;1.927991602
CCDC34;;-1.772985793;;;;;;
CCDC80;;3.972978564;3.512607442;3.571827367;;2.688911192;;
CCDC87;;;;;;4.778287612;;
CCKBR;;;;;;;;3.212973357
CCL1;;;4.037560135;;;5.767723051;;
CCL17;;2.091127458;;2.840781049;;4.380964191;4.112879347;3.091421642
CCL22;2.610096705;3.109672612;2.291679532;3.666297591;;;;
CCL24;-1.9389347;;;;;1.749704299;;
CCL26;;;;;;4.026302462;;
CCL5;3.019527181;4.123320306;;3.831979186;;;1.855431285;
CCN5;;;;;;;-1.843629445;
CCNA2;;-1.83899861;;-2.16151581;;;;
CCNB1;;;;-2.110510609;;;;
CCND1;;;;-2.230583833;;;;
CCND2;;1.741120281;;;;;;
CCNE1;;-1.585781077;;;;;;
CCNE2;;-1.645206199;;;;;;
CCNF;;-1.608696071;;;;;;
CCNP;;4.983880618;;;;;;
CCR2;-3.216622991;;;;;;;
CCR3;;6.723501885;;;;;;
CCR7;5.208913672;7.599154066;4.016480985;5.18757551;;3.265922071;4.33559113;
CCSER1;;1.867930779;;;;;1.660392729;
CD163;;4.010767336;;;;;;
CD164L2;;6.686506304;3.592363891;;;;;
CD180;-2.304133175;;;;;;;
CD1A;;;;;;-2.746589986;-2.240709737;
CD207;;5.669677667;;;;;;
CD274;;2.920787628;;;;;;
CD36;;;;-1.746208992;;-1.585097906;;
CD38;1.658948725;1.961351699;;;;;;
CD40;1.682590027;3.347433701;1.924210636;2.459256165;;1.749413263;2.394097161;
CD52;;;;;;2.530154386;2.986283092;1.904047936
CD55;;-2.414252424;;;;;-2.059592528;
CD6;;2.782387561;;4.713149198;;;3.848050966;
CD72;;2.196475067;;-1.935664013;;-1.812101889;;
CD82;;2.786536201;;;;;;
CD83;;1.831336985;;;;;;
CD84;-1.955918176;-2.308391551;;;;;;
CD9;;;;1.53839984;;;;
CDA;;;2.122991279;3.125567264;;;1.785198832;1.670734141
CDC16;;1.639507779;;;;;;
CDC25B;;-2.297370653;;;;-2.321689277;-2.396085209;
CDC25C;;;;-1.763351077;;;;
CDC45;;-2.307956785;;;;;;
CDC6;;-2.623357472;-2.198500286;-2.135183432;;;;
CDCA2;;-1.603209658;;;;;;
CDCA8;;;;-1.687789699;;;;
CDH16;;;1.711592595;1.813215062;;;;
CDH5;;1.942123211;;;;;;
CDH6;;;;;;;3.639738421;5.624264861
CDHR5;;1.729306203;;;;;;
CDK1;;-1.603401364;;-2.384097371;;;;
CDK3;;;;;;-1.828905653;;
CDKL4;;3.371954384;;;;;;
CDKN2C;;;-1.782173458;-2.445161043;;;;
CDON;;-2.1186712;;;;;;
CDRT1;;;;1.562591783;;;;
CDS1;;1.5430116;;;;;;
CDT1;;;-1.882209542;-2.299001116;;;;
CEBPA;;-2.370118621;;;;;-1.606997076;
CEBPE;;;;;;;1.796725583;
CELA1;;;;-3.851430937;;;;
CELF4;;;;;;3.362346403;;
CELSR2;;-2.737293145;;;;;;
CEND1;;-2.06959307;;;;;;
CENPF;;-1.550857627;;-2.152967275;;;;
CENPN;;-1.847845156;;;;;;
CENPT;;-1.896870044;;;;;;
CERCAM;;-1.556938204;;;;;;
CERKL;;;;1.572831319;;;1.776809765;
CERS6;;-1.828012519;;;;;;
CFAP43;;1.949539213;;;;2.177342407;;
CFAP94;;-1.883201379;;;;;;
CFLAR;;1.880901421;;;;;;
CGAS;;2.127379349;;;;;;
CGNL1;;3.731014082;;3.497331441;;;2.558433212;
CH25H;;;;;;-2.713530224;-1.896027299;
CHAF1B;;-1.890880392;-1.982586185;-2.259015929;;;;
CHCHD10;;-2.445398952;;;;;;
CHDH;;;;2.254820919;;;;
CHRDL1;;;;;;;5.809295186;
CHRM4;;3.397141519;;3.87552061;;;;
CHRNA10;;5.021526755;;;;2.489621249;3.293515969;
CHRNA9;;;;;;3.313408478;;4.355943412
CHRNB2;;1.523629872;;;;;2.264540805;
CHRNE;;;;;;2.412768936;3.818997776;2.821481264
CHST15;;;;-2.825830031;;;;
CHST7;;4.900023971;2.349688735;2.463978463;;;;
CHTF18;;-1.570523834;;;;;;
CIB3;;;;3.499312063;;;;
CISH;2.177803755;;;;;4.15014657;2.77792915;2.366841105
CITED4;2.007854929;2.284354044;;;;;;
CKS1B;;-1.942345826;;-2.138402268;;;;
CLCF1;;3.706981304;;;;2.656644643;2.490653322;
CLCN2;;;;;;;;2.282256257
CLCN4;;;;;;;4.11111202;
CLDN1;;1.507761931;;;;;;2.771679489
CLDN2;;;;;;;5.145130898;5.306960287
CLDN3;;2.964867517;;;;;;
CLEC12A;;;;;;1.919694484;;
CLEC17A;;-2.4099747;;;;;;
CLEC2D;;1.708859891;;;;;;
CLEC2L;;3.418861835;;;;;;
CLEC4D;;;;2.227000692;;;;
CLEC4F;;6.039844162;;;;-3.946754585;;
CLIC4;;1.885897532;;;;;;
CLIC5;;;;3.064919132;;;;
CLSPN;;;-1.563403481;-1.776479208;;;;
CLTCL1;;-4.533706137;;;;;;
CLTRN;;;;;;2.391194927;;
CMPK2;;1.84668945;;;;;;
CNDP1;;;;;;;2.774489889;2.790345389
CNGA4;;;;;;2.654230967;;
CNKSR2;;;;;;;;3.880299538
CNNM1;;2.073957682;;;;;;
CNNM2;;-1.517227769;;;;;;
CNRIP1;;1.864002133;1.50684837;;;;;
COL12A1;;;;2.262396768;;3.285541976;3.091614122;
COL17A1;;-3.232626127;;;;;2.976087047;
COL19A1;;;;;;;4.674776824;
COL20A1;;;;;;;;3.211065957
COL23A1;;1.983744582;;;;;;
COL26A1;;-2.420218106;;;;;;
COL4A1;;;;3.751259308;4.536638619;;;
COL5A1;;;;3.789897861;;;;
COL5A3;5.834163969;3.791226639;;;;;;
COL6A2;;;;;;4.156674783;;
COLEC12;-1.848875131;;;;;;-1.735869362;-1.720407057
COPZ2;;-1.867017774;;;;;;
CPED1;;;;5.527817321;;;;
CPNE5;;2.739670704;;5.372086951;;;7.393978663;
CPT1B;-1.787014501;-2.148115226;;;;-1.655996753;-2.168477608;
CR2;;;;;;;;-6.932411186
CRACDL;-3.588658515;-3.260979671;;;;;;
CREB5;;;;1.799655649;;2.230254345;1.94125267;
CREM;;1.733563822;;;;;;
CRTAC1;1.886165523;2.055436479;;;;;2.590885483;3.268505959
CRYAB;;2.779761201;;;;;;
CRYM;;-1.841191614;;;;;;
CSF2;;;;;;4.996216027;6.106722068;5.838225931
CSF3;3.312087204;;;;;;;
CSRNP1;;1.821358961;;;;;;
CSRNP2;;1.537721161;;;;;;
CST6;;;;2.860518846;;;;
CST7;;;;2.562448393;;;;
CTH;;3.266483526;2.393963106;3.346527417;;;2.683158745;
CTNNA2;;-3.021942612;;;;;;
CTNNA3;;6.797979898;;;;;;
CTSD;;;;;;;-1.645877141;
CTTN;;;;1.826311352;;;;
CUBN;;2.208752359;;;;2.563484041;2.452808642;2.363765556
CUNH11orf71;;;;;;2.572689653;;
CUNH11orf97;;2.989133306;;;;2.94593919;4.736772626;
CUNH12orf75;;;;;;6.960270269;6.795845239;7.186244829
CUNH15orf40;;-1.540201575;;;;;;
CUNH16orf95;;;;;;1.622575651;;
CUNH17orf107;;;;;;;3.14971007;
CUNH19orf44;;1.63767152;;;;;;
CUNH19orf67;;;;;;2.341088093;;
CUNH1orf54;;;1.70631559;3.218545627;;;;
CUNH20orf204;;;;;;;;2.192815556
CUNH20orf96;;;;;;3.337240083;2.347952013;3.135588204
CUNH21orf91;;;;;;1.794793455;;
CUNH2orf81;;2.37013954;;;;;;
CUNH3orf18;;;;;;1.985187362;;
CUNH3orf20;;;;;;;4.973157691;
CUNH3orf52;;4.906436236;3.001110299;4.259483886;;3.330100789;4.500748796;
CUNH3orf80;;;;4.6540142;;;;
CUNH4orf47;;;;;;;1.663493534;
CUNH6orf58;;;7.762096273;7.313039261;;;;
CUNH8orf48;;;;;;2.319375337;;
CUNH9orf153;;;;;;1.855624732;;
CUNH9orf50;;-1.867169708;;;;;;
CX3CL1;;;;;4.229004406;;;
CXADR;;;;;;1.925405096;1.974456569;
CXCL10;;3.157392187;;;;;;
CXCL11;;8.061379808;4.308413407;5.13047459;;;5.178271844;
CXCL12;;;;;;-3.337851935;;-3.317384415
CXCL13;;;;-3.366190508;-4.91484132;-4.972884924;-5.675611096;
CXCL6;3.48664008;;;;;;2.808798541;2.623876472
CXCL8;2.517564692;;;1.964132612;;;2.31671337;1.959657537
CXCL9;;3.432326143;;;;;;
CYREN;;1.940569851;;;;;;
CYSLTR2;1.778534398;;;;;;;
DAAM2;;;;;;;2.856423725;2.444986737
DAB2;;-1.917540822;-1.798757894;-3.278625088;-3.102120129;;-2.658330254;-2.916662649
DACH1;;;;;;2.231936321;2.196436553;
DBF4B;;;;;;;;1.520369426
DBN1;;3.336117624;;4.886519483;;3.180877211;2.761393416;
DCLK3;;;;;;;;
DCST1;;;;;;-2.923670124;;
DDAH1;;;;;;4.243555311;5.656897054;
DDIAS;;;;-1.651006552;;;;
DDX4;;-4.950550643;;;;;;
DDX58;;2.089946978;;;;;;
DENND11;;;;;;-1.900889242;-2.006526133;-1.817519203
DENND2B;;;;1.964475631;;;;
DENND2C;;-1.554077098;;;;;;
DEPDC1;;-1.797266583;;-2.084011618;;;;
DEPDC1B;;-1.784148917;;-1.980100416;;;;
DEPTOR;;-3.451919024;-2.252152168;-2.954331729;;-1.81576981;-2.016968464;-2.347411865
DERL3;;;1.573366252;3.264958065;;;;
DGKH;;;;1.659513189;;;;
DGKK;;;;-5.373268465;;;;
DHCR24;;-2.471718065;;;;2.346520074;2.427478965;
DHFR;;-2.392384234;-1.731847631;;;;;
DHRS9;;-1.656764704;;;;;;
DHX58;;2.912260774;;1.565709396;;;1.727035331;
DIAPH3;;-2.428025435;-1.93824366;-2.521121921;;;;
DIO2;;;;5.176356537;;;5.442831032;
DIPK2A;;-2.015432718;;;;;;
DIRAS2;-1.690287711;;;;;;;-1.531525388
DIXDC1;;;;;;-1.666778257;;
DKKL1;;1.53945447;;;;;;
DLC1;;;;;;;;-1.738151928
DLG2;;;;;;3.640695272;4.624174521;4.710258376
DLG5;1.502712531;1.929469607;;;;;;
DLGAP5;;;;-2.155329242;;;;
DLL4;4.127053526;3.493946731;;;;;;
DMD;;;;;;;;3.626239263
DMP1;;;5.622470596;5.537570514;;;;
DMRTA2;;6.689140494;;;;;;
DNAH11;;4.615833777;;3.327106993;;;3.516836891;
DNAH12;;;;;;5.425841928;;
DNAH5;;;;;;;5.962281417;
DNAJB4;;1.656733534;;;;;1.622644979;
DNAJC22;;;;3.655849866;;;;
DNAL4;;;;2.959372298;;;;
DNASE1L3;;2.060874002;;2.781974225;;;;
DOCK9;;;;;;;2.362263208;
DOK7;;;;-1.892350048;;;;
DPEP2NB;;;;1.751177627;;;;
DPP4;;2.579154844;2.526820626;;;;;
DPYSL3;;;;4.361900076;;3.724870328;4.86563896;4.431212771
DQX1;;;;;;;1.916132499;1.656540729
DRC7;;;;;;;2.457298765;
DRD2;;-2.710210476;;;;;;
DSCAM;;;;;;5.639822375;;
DSCC1;;-1.744462943;;;;;;
DSG2;;1.793646502;;;;;;1.781577117
DTL;;-2.30017574;-1.949041982;-2.121160807;;;;
DTNB;;-2.040389381;-1.760596164;;;;;
DTX3;;;;;;;1.711322609;
DTX3L;;1.831691818;;;;;;
DUOX1;6.737707208;6.248793735;;;;7.011148391;4.517738354;3.843713403
DUOX2;2.887621738;;;2.358756393;;7.153649754;6.237932037;3.812309792
DUOXA1;2.488823479;3.280498248;;;;3.220764874;;
DUOXA2;;2.090822378;;1.648376421;2.311619638;2.7192021;2.390958957;2.372509597
DUSP1;2.025673906;3.107788588;;;;2.61399262;;1.686712944
DUSP13;;;5.347815404;3.956108012;;;;
DUSP2;1.542318736;2.80872332;;;;;;
DUSP5;1.972204027;3.847177363;;;;1.835535474;2.234950904;2.079903269
DUSP8;;2.774801666;;;;2.962600187;;1.825194055
DYNLL1;;;;1.529806494;;;;
DYNLT2;;;;;;;3.802352809;
DYNLT4;;;;;;;;4.77769409
DZIP1;;;;;;5.606999645;5.558090995;4.17262493
E2F1;;-2.002076829;-1.873667019;-1.651773721;;;;
E2F7;;-2.684185501;-1.723335758;;;;;
E2F8;;-2.465789912;-1.757148893;-2.218206095;;;;
EAF2;;;;;;1.653219117;;
EBF3;;;;;;;4.051949578;
ECM1;;1.676682649;;;;;;
EDA2R;;-2.559174616;;;;;;
EDN1;2.299263222;5.077337455;2.131553752;;;2.484235152;4.036224085;4.715486332
EDNRB;1.837913802;3.596413409;;;;;;
EEF1A2;;;;-1.828300824;;;;
EFCAB13;;;;;;3.072440184;2.363295183;
EFCAB3;;;;;;;2.14865268;
EFEMP1;;;;;;5.714869885;;
EFNA2;;-1.539112838;;;;;;
EFNA4;;2.854666969;;;;;;
EFNA5;;;;;;;2.744681983;
EFNB1;;;;;;1.879721881;;
EFNB2;;2.09629976;;;;-1.974049633;;
EFR3B;;-2.153401322;;;;;;
EGR4;;;;;;5.120643838;5.995937994;
EHF;;;1.503792276;2.018374602;;;;
EHHADH;;-2.558527831;;;;-1.65182281;-2.41925715;-2.185936059
EIF2AK2;;1.82970276;;;;;;
ELAPOR2;;4.312955435;;;;;;
ELL2;;1.687344206;;;;1.913343225;1.516254097;1.64318474
ELOVL6;;;2.001168635;2.521497363;;;2.132395652;
EMID1;-1.968883255;-2.124107475;;;;;;
EMX2;;;;;;4.788353229;4.409772268;6.739688259
ENAM;;;;;;;;-6.873854315
ENO3;;;;;;3.957776205;4.748805397;4.071475736
ENPP1;;;;;;6.136302822;;
ENPP2;;-1.785341723;;;;;;
ENPP4;;2.071086425;;;;;;
ENPP5;;4.361497934;;;;;3.068443415;
ENTPD3;;2.653568128;;-2.097596958;;;;
EPAS1;;-2.152294294;;;;;;
EPB41L4A;;;;;;;1.871303926;
EPB41L4B;3.1986453;3.550561262;2.295213454;2.37460736;;;2.069236035;
EPDR1;;;;;;;3.849029063;
EPHA3;;;;;;;5.505796849;
EPHA4;;;;;;;4.502457736;
EPHA7;;;;;;2.120694265;3.421955415;3.593607509
EPHB4;1.572980295;;;;;;;
EPHX2;;5.593992741;;;;;;
EPM2A;;-1.935786282;;;;;;
EPOP;;;;1.59426484;;;;
EPS8L2;;-2.42610076;;;;;;
EPSTI1;;1.514152876;;;;;;
EPX;;;;;;3.100968799;;
ERCC6L;;-2.194363755;-1.905539754;-2.281045948;;;;
EREG;;4.058503808;;;;;;
ERFL;;3.414481677;;;;;;
ERICH4;;;;2.249595275;;;;
ERRFI1;;2.112000539;;;;;;1.68955679
ESAM;;3.918625902;;;;2.607432943;;
ESCO2;;-2.139377579;-1.724390824;;;;;
ESPL1;;-1.9988054;;;;;;
ESPN;;;;;;3.919112353;;
ESRRG;;;;;;;2.542695116;
ETFBKMT;;;;1.527617482;;;;
ETNK2;;2.19437321;;;;;;
ETV7;;3.397973358;;;;;2.82769463;
EVA1A;;;;;;4.619967311;5.700445953;
EXD1;;;;;;1.568756016;1.969261455;
EXO1;;-2.142912608;-1.616669216;;;;;
EXOC3L4;;4.032584286;4.346784906;3.585696201;;3.656493116;;
EXTL1;;;;;;;2.63315653;
EYA4;;;;;;;5.165602491;6.203228049
F13A1;;;;;;;;-4.402238696
F2RL3;;;;;;;3.688712524;
F3;;-1.980944969;;;;;;
F5;;-2.739833256;;;;;;
FAAH2;;-1.545707649;;;;;;
FAAP24;;-2.37444224;;;;;;
FABP3;;1.671208488;;;;;1.630320684;1.757560481
FADS1;;-2.143856801;;;;;;
FADS3;;2.559304597;;2.979518223;;4.046586304;2.361358844;
FAM110A;1.553368938;;;;;;;
FAM111A;;;-1.789094082;;;;;
FAM149A;;-1.653277232;;;;;;
FAM169B;;2.908901719;;;;;;
FAM171A1;;;;;;2.700063615;;
FAM171A2;;-1.540241301;;;;;;
FAM174B;;1.908349117;;;;;;
FAM189A2;;-3.542699281;;-2.953851508;;-2.294535553;-3.390228999;-2.771272185
FAM189B;;3.940356704;;;;;2.097283603;
FAM217B;;-1.687096175;;;;;;
FAM229B;;;;;;;;1.718796988
FAM71E1;;-1.741599177;;;;;;
FAM78B;-1.551281975;-2.334109886;;;;;;
FAM81A;;-3.97449214;;;;;;
FANCD2;;-1.730299869;;;;;;
FANCG;;-1.987666573;;;;;;-1.615083755
FANCM;;-2.099551796;;-1.638582923;;;;
FAT1;;-1.71606886;;;;;;
FAT3;;-3.576212039;;;;;;
FAT4;;;2.153339585;2.928479832;;;;
FAXC;;5.000720366;;;;;5.067784211;
FBLL1;;3.131984664;;;;;1.974960119;2.081173619
FBN1;;;;4.882956687;;;3.443776153;
FBP1;;-1.846460081;;;;;;
FBP2;;2.916323281;;;;3.372984363;2.653605305;
FBXL16;;;;;;;;2.187904068
FBXO15;;;;;;;1.607116504;
FBXO39;;2.220694324;;;;2.147489012;3.299005458;
FBXO5;;-2.126462805;;-1.663881582;;;;
FCER2;;-5.498075871;;;;2.378724084;;
FDFT1;;;;;;2.177153114;2.633495789;1.569290568
FGF10;;;;;;6.442893114;5.833328716;
FGF18;5.136144263;5.78246062;;4.920200344;;;;
FGF5;;;;;;5.003110412;6.304380742;
FGL2;;;;;-2.185520656;;;
FHAD1;;1.52598862;;2.090534261;;;;
FHDC1;4.336241585;3.834195657;;;;;;
FHL2;;-1.770571839;;;;;;
FKBP1B;;;;1.717801618;;;;
FLOT1;;;;;;1.92101225;2.126859799;1.669555685
FLRT3;;;;;;6.982774291;5.656217642;
FLT1;2.630129945;4.111134154;;;;3.23193358;4.221209676;4.737684385
FLT3;4.363042698;4.864355436;3.457905331;2.89805996;;3.323933737;3.077347587;
FNBP1L;;1.532481457;;;;1.564393123;;
FNDC1;;;;;;;;3.663209419
FNDC10;;-1.529624041;;;;;;
FNDC7;;;;;;2.206661162;2.2054012;
FOCAD;;;;;;;;1.987763566
FOLR2;;;;-1.923433983;-2.857917165;;-1.906286894;-2.825834777
FOSB;;;;1.796925221;;4.348556636;3.521096504;3.043784928
FOSL1;;;;;;1.527230215;;
FOXA1;;5.101515161;;;;;;
FOXL2;;;;;;;3.470660971;
FOXM1;;-1.769942667;-1.507072549;-2.238273985;;;;
FOXP3;;;;;;;1.884110063;
FOXS1;;2.523781714;;1.840631669;;;2.578450404;
FRAT1;;;1.875507961;;;;;
FREM2;;-1.668497289;;;;;;
FSCN1;4.841329435;6.862640286;3.150419858;3.733100405;;4.008378561;4.658008421;
FST;;;;2.704254808;;;;
FSTL1;;-1.811510731;;;;;;
FSTL4;;;;3.845323777;;;;
FUT4;;1.822676423;;;;;;
FUT7;;-1.81089179;;;;-1.557611537;;
FXYD1;;;;2.025843801;;;;
FYB2;;;;;;;1.7475422;
FZD5;;2.300389203;;;;;;
FZD6;;;;;;1.732638242;;
G0S2;2.05945844;;;;;;;1.636195846
GAB1;;1.564372577;;;;;;
GABBR2;;-3.555998193;;;;;;
GABRA1;;;;;;-2.650015802;;
GABRA6;;;;;;-2.027653249;;
GADD45A;;2.308675653;;;;;;
GADD45B;;3.107124606;;;;;;
GADL1;;3.437703853;;;;3.032331936;2.921525789;
GAL3ST1;;;;;;;;5.709214323
GAL3ST4;;;;1.731277551;;;;
GALNT15;;;;;;1.693025324;;
GALNT18;;;;;;1.576076828;;1.784949009
GALNT7;;1.906290095;;;;;;
GAPT;;;;;;2.627025378;3.337956733;
GAREM1;;;;;;-1.587194786;;
GARNL3;;;;;;;4.115682829;
GAS1;;-2.494229534;;1.985586636;;;;
GAS2L2;;;;;;;2.736818774;
GAS6;;;;;;;1.868564821;
GATA1;;;;;;2.358328059;;3.850893884
GATA2;;;;;;;2.869338945;2.497885063
GATA3;;2.427537244;;;;;;
GATA6;;;;2.062690439;;;;
GBP5;1.958079823;2.98765534;;;;;2.336458796;2.433159997
GBP6;1.754237447;3.339072033;;;;;2.07924536;
GCH1;;2.297982407;;;;;;
GCLC;;;1.581381237;1.916770204;;;;
GCNT3;;;2.4963505;;;;;
GCSAM;4.650542581;6.47539415;3.902447599;3.835683264;;2.855473177;4.599323173;
GDF15;;;;-1.899262758;;-1.881629252;-2.388787387;
GDNF;;3.960126479;;;;4.77808756;4.700210304;3.597813175
GDPD1;;1.522939722;;;;;;
GDPD3;;;;1.768349102;;;;
GEM;;;;1.989552154;2.963869765;;;
GFRA2;;-3.220592181;;;;-1.673857538;;-1.708893949
GFRA3;;;;-2.446512591;;;;
GGT1;;2.580927795;;;;;;
GGTA1;;;;-1.9156324;-2.125759273;-1.940040219;-2.326740025;-2.153553726
GHR;;;;;;;3.077336234;
GHSR;;8.171349336;;;;;;
GINS2;;-2.286239691;-1.610988254;;;;;
GINS3;;-1.974643723;-1.728218528;-2.580546027;;;;
GIPC2;;3.314255193;;;;;;
GIPR;;-2.486998959;;;;;;
GLDN;;;;;;5.119315297;;
GLI1;;;;;;-1.726558185;;
GLIPR1;;2.596043291;;;;;;
GLIS2;;-1.927376285;;;;;;
GLIS3;2.785132947;2.349999503;;;;1.512386035;2.897730964;
GLT1D1;;;;;;;1.891583713;
GLUL;;;;;-1.521461296;-1.528607999;;-1.817215864
GLYATL3;;-2.547213105;;;;;;
GNAO1;;3.506831449;;;;;;
GNAT2;;;;;;4.932475097;;
GNB5;;2.303321554;;;;;;3.255725965
GNG12;;;;1.659908805;;;;
GNG4;;;;;;1.925391143;;
GNG8;;;;1.908096817;;;;3.064638511
GOLGA7B;;2.680853224;;;;;;2.054692095
GOLM2;;;;;;1.727651091;;2.046699058
GP1BB;;;;;;;3.421849268;
GPC2;;;;;;;1.822209322;2.623199684
GPC4;;;;;;7.817775416;8.614082413;8.941021322
GPC6;;;;;;5.440072114;6.630459582;6.601680786
GPD1L;;-1.617016261;;;;;;
GPLD1;;;1.693732403;3.517798262;;;;
GPR132;1.557280805;2.517125611;;;;1.556328081;;
GPR150;;4.25007726;;;;1.941423484;;
GPR161;;;-2.749327753;;;;;
GPR171;;;;;;3.542941788;;
GPR176;;;;;;3.909797516;2.374898087;2.735822632
GPR65;;1.739734596;;;;;;
GPR75;;;;;;;6.42421301;4.709849234
GPR88;;;;5.135141596;;;;
GPRIN3;;;;;;;;4.570071501
GPSM1;;1.96595813;;;;;;
GPX1;;-2.503661003;;;;;-1.607451683;
GPX2;;;;2.056611634;;;;
GPX3;1.835033683;;;;;;;
GPX4;;-1.715059996;;;;;;
GRAMD2A;;3.599681391;;;;;;
GRAP2;;;;-1.957317993;;;;
GRB10;3.52111893;3.033976664;;;;3.868935176;3.572007448;3.454272721
GREB1;-2.998428627;-3.513327349;;;;;;
GREB1L;;;;;;;2.157971671;
GREM1;;1.525263943;;;;;;
GRIA4;;;;5.385744383;;;;
GSDME;2.301617608;;;;;;;
GSN;;;;;;;1.504845406;
GSTP1;;-1.552398784;;;;;;
GSX2;;;;4.838955831;;;;
GUCY1A1;;3.240979084;;;;;2.360020924;2.22298116
GULP1;;;;;;4.8341548;6.137728827;6.518220937
GYG2;;2.651428653;;;;;;
GZMM;;5.302178572;;;;;;
HAGHL;;;;;;;1.850220051;
HAND1;;3.951519432;;;;;;
HAPLN3;;;;;;3.339875098;;
HAS2;;3.627804495;1.745552571;1.830101305;;2.182104963;2.106729165;
HAS3;;2.654167501;1.767666827;2.82894549;;;;
HBEGF;1.523217919;1.686546814;;;;2.414163125;2.224717863;
HCAR2;2.405158116;3.096749601;;;;3.911344661;4.050313442;3.715161839
HCN3;;;;;;1.607069062;1.617106795;
HCRT;;;;1.730151356;;;;
HDC;;;;;;2.201121607;;
HEATR9;3.477860441;4.831226453;2.828283109;4.369668715;;;;
HEBP1;;;;-1.918403678;-1.762148671;;;
HEBP2;;;;;;;5.145174815;
HECW2;;2.796514829;;;;2.632454487;;
HEG1;;1.934856423;;;;;;
HELLS;;-2.1519792;;;;;;
HELZ2;;1.71350354;;;;;;
HEMK1;;;;;;1.625321854;;
HERC5;;2.08675355;;;;;2.052801607;1.709035302
HGD;;;;1.897503455;;;;
HGF;-1.551101526;-1.827821317;;;;-1.637184776;-2.351293856;-2.156751765
HHIPL1;;;;;;-2.718263135;-2.860806207;
HIC1;;2.259852451;;;;;;
HIF3A;;;;;;;;-5.025446078
HK3;;;;;;-1.783172221;;-1.568277067
HLX;;1.683470972;;;;;;
HMCN1;;;;;;;;5.534936829
HMGA2;2.905278652;3.027839074;;;;1.932059385;2.718738173;
HMGB3;;-1.504820416;;-1.962707483;;;;
HMGCR;;;;;;1.543917684;;
HMGN3;-1.57090482;;;;;;;
HMMR;;;;-1.856977709;;;;
HNF1A;;2.102804363;;;;;;
HNF1B;;;;;;6.035283294;7.240788355;
HNF4G;;;;;;;5.913116167;7.050409649
HOGA1;;;;;;;2.147631691;
HOMER2;;-1.782752103;1.690157729;1.908090921;;;;
HOXA5;;;;;;;;4.375096153
HOXA9;;;;;;5.665785168;3.296727736;
HOXB13;;3.369258201;1.703571568;2.84674871;;;3.392944586;
HOXB2;;;;;;;5.344896851;
HOXB9;;;;;;;2.897286896;
HOXC6;;;;;;5.040402955;;
HPDL;;;;;;1.573076832;;
HPSE;;;;;;;;-1.927426356
HRH1;;;;;;;;2.405967331
HS3ST1;;;;;;;2.24299695;
HS3ST6;;3.683160152;;;;;;
HS6ST2;;;;;;5.139834193;;
HSD11B1;;-4.518912661;;;;;;
HSD11B1L;;1.710441129;;;;;;
HSD11B2;;2.015738332;;;;;;
HSD17B4;;-1.527958367;;;;;;
HSD17B7;;;;;;1.730327841;1.511020008;
HSF4;;;1.504990384;1.550475819;;;;
HSH2D;;2.714070313;;;;;1.882196951;
HSPB6;;;;;;;-1.601630406;
HSPG2;;;;3.323645931;;;;
HTR1D;;;;;;;2.139177069;
HTR2B;;3.719984341;;;;;3.633872776;
HTR7;1.709342013;2.414269298;;;;;;
ICAM4;;1.614885552;;;;;;
IER3;1.742637571;;;;;;;
IFI35;;1.562375377;;;;;;
IFI6;;1.641343675;;;;;;
IFIH1;;2.750757551;;;;;1.79177;
IFIT2;;3.552558528;;;;;2.122282919;2.42660356
IFIT3;;3.736634211;;;;;;2.100300622
IFIT5;;1.738128718;;;;;;
IFITM10;;;;;;2.540498032;2.974779328;2.884806137
IFNB1;;7.239786082;5.992544143;6.219351951;;5.159232178;7.503174254;
IFT140;;;;;;1.808902316;;2.39082962
IFT80;;-1.831274694;;;;;;
IGF2BP1;;;6.138933141;7.214007742;;;;
IGFBP3;;;;;;;;3.018879362
IGFBP4;;2.108415435;;;;;;
IGFLR1;;-1.906580498;;;;;;
IGSF9;;;3.419389422;5.092969323;;3.105164249;3.355478393;
IKZF3;;;;;;2.919401981;3.423615857;
IL10;;;-2.210683222;;-3.244357731;-3.278764561;;-2.730477439
IL12A;3.132455449;3.166948761;2.338548706;2.20420913;;2.215589518;3.762378592;4.354733518
IL12B;3.475137208;8.755176804;7.7572023;10.07936846;;4.929210346;9.493147624;
IL12RB1;;1.87533232;;;;;;
IL12RB2;;;;;;1.674181454;;
IL15;2.493620261;4.018037413;;1.588308636;;;2.412901283;2.312568926
IL15RA;;2.68050306;;;;;;
IL17C;;;;;;;4.529629267;
IL17REL;;;;;;3.535310361;4.183525036;
IL18R1;;2.214684333;;3.185601026;;2.477150593;2.461537891;
IL1A;2.102397474;;;;;1.603798712;1.709406144;1.761373907
IL1B;1.98776739;;;;;;;1.807519167
IL1R1;;;;-1.52051301;;;;
IL1RL1;;;;;;;2.913960161;
IL21R;;;;;;;;-1.554936833
IL22RA2;;2.312023988;;;;3.534064649;4.022124617;2.843293906
IL23A;2.248917208;3.258446278;;1.640990451;;2.127767162;3.058375768;4.605814176
IL27;;3.132714166;;;;;;2.236253451
IL27RA;;-1.645015361;;;;;;
IL32;;;;;;-1.688294228;;
IL33;;;;2.73711521;;;;
IL3RA;;;;;;1.879915117;2.095913069;
IL4I1;1.616258606;2.994770951;;;;;;
IL6;2.187403834;4.97812127;;;;;5.94556833;5.808104245
IL7R;;3.0077033;;;;;;
ILDR1;;2.125045017;1.762954848;2.090719679;;;;
INHBA;3.793110317;3.525394779;2.662517218;3.118386459;;4.763726487;4.930857875;2.858845338
INPP1;;3.784491179;2.262306176;3.4289321;;2.126137058;;
INSM1;;5.60563392;;;;;;
INSRR;;1.989812326;;;;;;
INSYN2B;;;;;;3.337558125;3.889956719;
INTS3;;;;;;-1.502499894;;
IPCEF1;;;;;;1.793762465;;
IQCD;;3.692195779;;;;;;
IQGAP3;;;;-1.904374789;;;;
IRAG1;;;;-3.043323733;;;;
IRF4;;;1.631457778;2.278225786;;;;
IRF7;;3.031485949;;;;;;
IRS1;;;;;;;1.786366355;
ISG15;;3.218600643;;;;;2.490291863;2.942117634
ISG20;;5.100157846;2.746183272;3.074050674;;;3.340886745;
ISL2;;;;2.955016513;;;1.525969127;
ISLR2;;;;4.579838702;;;;
ITGA1;;3.024007475;;;;;;
ITGA10;;;;;;;2.818433721;
ITGA6;;-1.737309777;;;;;;
ITGA7;;;;3.359121758;;;;
ITGAX;;-1.6047278;;;;;;
ITGB6;;;;;;4.885418654;5.867796896;
ITGB8;4.138207205;4.605309395;2.26825713;4.51811872;;;3.523252895;
ITM2A;-2.123488772;;;;;;;-2.13694288
ITSN1;;;;-2.099028785;;;;
IVL;;;;;;-1.76105868;;
JADE1;;1.736868965;;;;;;
JADE3;;1.535854721;;;;;;
JAG2;;;;;;2.191981016;2.656180994;
JAKMIP2;;;;;;3.392890627;4.78823525;4.534737026
JAM3;;1.620544071;;2.588931523;;;;
JAML;;;1.982789279;2.870705746;;;;
JAZF1;;2.349788601;;;;;;
KALRN;;2.167304607;;;;;;
KANK1;;;;;;1.667756094;;
KASH5;;;;;;3.953143951;;
KAZALD1;;;;;;1.683413951;;
KAZN;;2.071396177;;;;;;
KCNA1;;8.292205161;;;;;;4.874400371
KCND2;;;;;;5.312910429;6.623197312;6.396803202
KCND3;;;;;;2.669535746;2.117645132;
KCNH3;;;;5.449803912;;;;
KCNIP2;;;;;;;1.539443077;
KCNIP3;;-1.583451788;;;;;;
KCNJ8;;;;1.855337044;;;;
KCNJ9;;;;;;2.765475176;;
KCNK7;;;;;;1.885920975;3.147734391;2.89596934
KCNN1;4.928242282;5.484229367;;;;3.853145224;;
KCNQ1;;;;;;;-1.890884045;
KCNS3;;;;;;6.560020553;;
KCTD17;;;;;;;6.406768788;5.389310201
KDELR3;;;;;;1.735860892;;
KDM6B;;1.563217633;;;;1.940122613;;
KDR;;;;;;;;-3.255379842
KIAA1549L;;;;-5.066398654;;-4.084713299;;
KIAA1755;1.731834301;2.492589774;;;;;3.372929016;2.96498003
KIF14;;;;-2.327574875;;;;
KIF15;;-1.730582099;-1.701620215;-2.261745562;;;;
KIF18B;;-1.905963788;;-2.02267273;;;;
KIF1A;;;;;;;;2.705807092
KIF20A;;-2.072027951;;-2.555712454;;;;
KIF21A;;;;;;2.120996623;3.450928638;
KIF22;;-1.67325415;;-2.238162251;;;;
KIF23;;-2.218677819;;-2.323578843;;;;
KIFC1;;-1.779962772;;;;;;
KITLG;-2.078936411;;;;;;;
KL;;;;;;;2.890674382;
KLF1;;1.74002579;;;;;;
KLF11;;2.371632319;;;;;;
KLF15;;;;;;;-1.656015958;
KLF2;;;;-2.497990428;;;;
KLF3;;;;-1.57509859;;;;
KLF4;;-3.048130238;;-2.271089706;;;;
KLHDC8B;4.398945462;3.816905919;;3.661216915;;3.591665762;4.599455122;
KLHL3;;;;;;2.003842239;;
KLHL33;;;;;;1.724607405;1.967496619;2.153130714
KLKB1;;;;;;5.151090385;;
KLRG2;;;;;;2.26292232;;
KNL1;;-1.817264351;;-2.369827932;;;;
KNTC1;;-2.391258219;-1.78563582;;;;;
KRT18;;;;;;5.542907526;5.77943703;
KRT23;;;3.014733539;4.903876594;;;;
KRT8;;3.089360643;;;;;;
LAD1;3.386246654;4.098019917;;;;2.824044698;;2.253903316
LAG3;;4.213678671;;;;;;
LAIR1;;;;;;-1.765412721;-1.575996176;
LAMA3;;6.707601161;;;7.854536466;4.966004795;;5.684520255
LAMA4;;;;;;7.161884699;5.945648233;
LAMA5;;;;;;;;1.752917151
LAMB1;;;;;;2.522726624;4.069637737;
LAMP3;4.395712968;6.48239992;3.0483437;4.069284757;;3.251803592;4.300920082;
LBH;;;;2.012941779;;;;
LCN2;;;;;;2.684807686;3.966431725;2.912925349
LDLR;;2.248950981;;;;1.515358292;2.562826427;1.790039936
LETM2;;;;;;1.62486693;;
LGALSL;;1.601344631;;;;;;
LGI3;;6.7032359;;;;;;
LGR4;;;;2.293387828;3.36774168;3.044470607;2.987291801;1.927422374
LHX1;;;;;;7.407155237;8.491800566;8.28855025
LHX2;;;;;;;3.169593206;
LIF;3.106069983;2.934076576;;;;3.596559659;2.964195041;3.171797023
LIG1;;-1.82241194;;-1.61330704;;;;
LIMCH1;;4.320097991;;2.379969628;;;3.23497559;2.673803657
LIMK2;1.790931573;;;;;;;
LIMS1;;;;1.508842694;;;;
LIMS2;;4.962853258;;;;;;
LINGO1;-1.556516124;-2.999835952;;;;-1.536472359;-1.688654787;-2.007795211
LIPA;;1.565908422;;;;;;
LIPE;;;;1.604711611;;1.651346885;2.604424165;
LIPJ;;;2.92033984;3.54813618;;;;
LIPK;;;;;;;;
LIPM;;;;;;;2.643670534;
LIX1;;;;;;;2.773174063;
LMAN1L;;;;3.173319493;;;;
LMCD1;;;;;;;;2.408436818
LMX1B;;;;;;;4.955773916;
LOC107497017;;2.070051118;;;;;;
LOC107497290;;;;1.875767651;;1.723541827;1.732936874;
LOC107497334;;2.188054459;;;;;;
LOC107497349;1.655278929;;;1.791624386;;;;
LOC107497439;;;;;;1.925046172;;
LOC107497481;;2.64498665;;;;;;
LOC107497482;;3.170484123;;;;;;
LOC107497484;;;;;;-2.088436744;-2.120300987;
LOC107497599;;;;;;1.863850291;1.669577224;
LOC107497619;;;;;;-2.373405159;;
LOC107497670;2.729666416;;;;;;;2.502482287
LOC107497769;;;;;;4.500766744;2.682325395;4.01619174
LOC107497810;;;;;-10.41944693;;;-7.772936064
LOC107497841;;;;;;;2.003759984;1.588074384
LOC107497854;;;;;-7.037869763;;;-7.096080763
LOC107497881;;;1.836334738;;;;;
LOC107498110;;;;2.497642711;;1.638505879;2.535632167;
LOC107498118;;;;;;1.507142781;;
LOC107498176;2.754301675;2.918434194;;;;;2.093415622;
LOC107498212;;4.299770007;;;;;;
LOC107498271;;;1.706257833;2.471271495;;;;
LOC107498384;;;;;;-2.941644162;;
LOC107498435;;;;;;1.62196994;;
LOC107498441;;;;;;;;3.138928745
LOC107498655;;1.750725221;;;;;;
LOC107498682;;4.01518602;;;;;;
LOC107498768;;;1.614875523;2.155209077;;2.044525248;1.613836352;
LOC107498879;;;;;;2.003230068;;
LOC107499076;;;;;;4.159703948;;
LOC107499084;;;;;;;1.535556579;
LOC107499297;;;;;;6.431584863;5.771876899;
LOC107499353;;2.442936451;;;;;;
LOC107499641;;2.487927168;;;;;;
LOC107499643;;-1.727468325;;;;;;
LOC107499671;1.58584821;;;;;;;
LOC107499722;;;;1.95909268;;;;
LOC107499732;;-2.704517927;;;;;;
LOC107499798;;4.874402404;;2.960433089;;;;
LOC107499961;;;;;;;;1.798086918
LOC107500002;;-3.076610214;;;;;;
LOC107500179;;1.504684688;;;;;;
LOC107500189;;3.265902711;;;;;;
LOC107500275;;-2.605895253;;;;;-1.648813073;
LOC107500400;;;;;;;2.017273207;2.295358508
LOC107500422;;-2.525780441;;;;;;
LOC107500434;;-2.038656195;;;;-1.616624508;;
LOC107500454;;;;;;;2.690691412;
LOC107500506;1.967185844;4.288963572;;;;1.560446055;1.768063585;2.084488844
LOC107500547;;;1.89032577;1.744513181;;;;
LOC107500556;;;;;;-1.669144759;;
LOC107500666;;;1.648649479;2.158207459;;;;
LOC107500892;;3.44376897;;;;2.85036817;4.025092224;3.268876799
LOC107500924;;;;;;1.596158182;1.605265557;1.947226838
LOC107500927;;;;;;;1.869254491;
LOC107500970;;-1.829742059;;;;;;
LOC107501147;;;;;;5.788611701;;
LOC107501264;;2.576366706;;;;;;
LOC107501381;;;;;;3.319570148;;
LOC107501435;;2.230798787;;;;;;2.09349281
LOC107501438;;3.665499726;1.931387001;2.194390817;;2.164032388;2.04463787;
LOC107501490;3.467298283;4.444885673;;;;;1.748114015;1.771546149
LOC107501608;;;;;;-1.786233054;-1.724033016;
LOC107501624;;3.633879653;;;;;;
LOC107501627;;;;2.822820075;;;3.429237713;
LOC107501662;;;;-2.989322529;;;;
LOC107501825;;;2.922234536;2.211311552;;3.019999773;2.178028817;
LOC107501876;;-1.763669756;;;;;;
LOC107501889;;;;2.986250033;;;;
LOC107501909;;;;;;;2.763175871;
LOC107502060;;2.024369817;;;;;;
LOC107502062;;;;;;;1.984545738;
LOC107502067;;2.177113808;;;;;1.621855405;
LOC107502080;;3.001077209;;;;;;2.135804734
LOC107502082;;;;;;2.911521946;2.324788664;
LOC107502089;;;;;;;2.965203249;
LOC107502173;;6.222830034;5.011731806;;;;;
LOC107502317;;-3.443480201;;;;;;
LOC107502464;;;;;;3.678865064;4.944633804;7.414327799
LOC107502470;;;;;;-2.077110591;;
LOC107502475;;;;-2.327910585;;;;
LOC107502476;;1.758303822;;;;;;
LOC107502481;;;;;;2.37393333;2.149029004;
LOC107502522;;-2.033252802;;-2.352620459;;;;
LOC107502578;;-1.557794216;;;;;;
LOC107502649;;5.295723821;;;;;;
LOC107502944;;1.699027663;;;;1.642698932;;
LOC107502948;;3.103006266;2.446316819;2.299503382;;2.264181296;;
LOC107503001;;;;;;2.174447012;2.399905092;
LOC107503051;;;;;;;1.793256093;2.276795766
LOC107503175;;-1.634493867;;;;;;
LOC107503188;;;2.212980925;2.909687315;;;;
LOC107503264;;;;-1.929011713;;;;
LOC107503280;;2.420076529;;;;;;
LOC107503283;;;;;;2.965689274;4.74962507;
LOC107503300;2.31945501;;;;;2.337207258;4.51443083;2.897659164
LOC107503311;3.304546615;4.952446596;3.093994313;4.074031006;;2.596674639;4.436146035;
LOC107503313;;;;;;;2.13373731;
LOC107503340;;;;;;1.808062313;2.703541807;2.258773772
LOC107503394;1.911160985;3.255306261;;1.795264799;;2.461762186;2.186589454;2.381726187
LOC107503482;;;;;;;1.857456417;
LOC107503546;;;;;;;2.249109704;
LOC107503645;;;;3.675777317;;;;
LOC107503654;;;;;;;3.471920784;2.137959375
LOC107503710;;-3.758836758;;;;;-1.887331826;
LOC107503719;;2.635685441;;;;;;
LOC107503782;;2.159750867;;;;1.843380479;2.583344412;3.276372236
LOC107503818;;;;;;2.708022663;2.554247692;2.365346999
LOC107503841;;;;;;2.211677453;;
LOC107503993;;;;-2.80857051;;;;
LOC107504014;;;;;;1.68148228;;
LOC107504040;;;;;;;2.940418986;
LOC107504111;;;;;;;;-1.666846681
LOC107504136;;;;;;2.114853524;;
LOC107504139;;;;;;1.972916168;;
LOC107504146;;;;;;2.025750907;;
LOC107504398;;3.75486581;;;;;;
LOC107504399;;2.575422761;;;;;;
LOC107504424;;-1.73070374;;;;;;-1.67954414
LOC107504498;;;;;;3.760935871;;
LOC107504600;;6.321945381;;;;5.908286716;;
LOC107504638;;;;;;2.440346068;;
LOC107504640;;1.921314242;;1.572199332;;;;
LOC107504658;;1.755723629;;;;;;
LOC107504794;;;;;;1.95861291;;
LOC107504796;;;;;;;2.250680943;
LOC107504802;3.884840602;;;;;;;
LOC107504861;;-1.899642789;;;;;;
LOC107504886;;;;;;;1.573265569;
LOC107504968;;;;;;;1.548335452;
LOC107505018;;-1.642216557;;;;;;
LOC107505150;;2.931609892;;;;2.393045418;;
LOC107505497;;;;;;;2.749402841;
LOC107505617;;;;;;4.050948009;3.179494291;
LOC107505639;;-1.593374294;;;;;;
LOC107505668;;-2.200244508;1.940453476;;;;;
LOC107505767;;;;;;8.271155175;10.01187611;10.4182974
LOC107505847;;;;-2.720678998;;;;
LOC107505894;;1.900254506;;;;;;
LOC107506024;;;;;;-1.739713408;;
LOC107506025;;;;;;1.723864552;2.349316741;1.93948088
LOC107506041;;;;;-1.859611284;-2.215061124;-1.95692613;-2.073593567
LOC107506053;;;;;;2.339526709;;
LOC107506144;;;;;;;2.793475752;
LOC107506203;;-1.832135881;;;;;;
LOC107506241;;1.500377472;;;;;;
LOC107506360;;;;;;;2.406068401;
LOC107506475;2.975136722;3.697114563;;;;1.660847736;3.074620957;3.642611975
LOC107506481;2.217804826;3.056137456;;;;2.128240983;2.91743779;3.080356871
LOC107506482;;;;;;4.601407818;4.319743304;
LOC107506547;;2.215881524;;;;1.53555175;2.173193259;
LOC107506576;;2.143607664;;;;;;
LOC107506653;;;;;;1.822179215;;
LOC107506771;;;-1.633228961;;;;;
LOC107506805;;;;;;5.21365724;;
LOC107506825;;2.409694201;;;;;;
LOC107506853;;2.073824187;;;;;;
LOC107506935;;1.929015454;;;;-1.962164575;;
LOC107506941;;1.632939483;;;;-2.037711635;;
LOC107507053;;;;;;;1.671076483;
LOC107507209;;2.998369863;3.391039389;2.835675631;;2.679712774;;
LOC107507223;;1.663583804;;;;;;
LOC107507350;;2.155026605;;;;;;
LOC107507353;;3.893529667;;;;;;
LOC107507376;;;;;;4.630266925;5.485094617;
LOC107507526;;-2.111336081;;;;;;
LOC107507567;;1.698673132;;;;;;
LOC107508024;2.877284094;1.782478266;;;;;;
LOC107508136;;-3.449040324;;;;;;
LOC107508155;;5.834792102;;;;;;
LOC107508290;;;;;;4.267883036;;
LOC107508345;;2.711356243;;-4.830903554;;;;
LOC107508347;3.088441124;4.843078811;2.697887239;3.624307083;;3.563256366;5.104170841;3.805107588
LOC107508351;;;;;;;-1.605194842;
LOC107508375;;;;;;;;2.18413857
LOC107508426;;9.943193299;9.796554224;4.563112636;;7.388614298;7.701316867;
LOC107508459;;;4.870958704;6.557485141;;;;
LOC107508507;;;;;;5.904969716;;
LOC107508580;;;;;;;2.477098856;2.313216648
LOC107508715;;;-2.598808963;;;-6.599156189;;-6.61809929
LOC107508847;;;;;;;5.406271123;
LOC107508928;;;;3.926368915;;;;
LOC107508998;;;;;;;;1.7282101
LOC107509057;;-3.152464959;;;;;;
LOC107509113;;-1.83189258;;;;;;
LOC107509152;;;;;;2.971569037;;
LOC107509356;;;;;;;-1.515093999;
LOC107509391;;-2.281146921;;;;;2.250854185;
LOC107509506;;;;5.214268519;;;;
LOC107509596;;;;;;7.579986201;7.129778012;
LOC107509705;;3.465707961;;;;;;
LOC107509723;;;;1.62941821;;1.856834077;1.846047137;
LOC107509867;;;;;;;2.185454617;
LOC107509905;;-2.0615817;;;;;;
LOC107509971;;6.171738478;3.139173213;;;2.291567804;4.370316589;3.465989652
LOC107510089;;1.861868651;;;;;2.33339947;1.574681316
LOC107510097;;;;;;-1.508666842;-1.798413649;-1.793202909
LOC107510244;;;;;;;5.298939032;
LOC107510249;;4.680348966;;;;;;
LOC107510250;;3.967881334;1.90442826;;;2.476920698;4.496575778;3.092286052
LOC107510252;;3.263152432;;;;1.814360216;2.089622699;1.908637233
LOC107510272;;;;;;3.460220379;;
LOC107510290;;;;;;3.471394644;;
LOC107510438;;-2.397204028;;;;;;
LOC107510533;;;;4.749511845;;;;
LOC107510580;;;;;;;1.916120547;
LOC107510764;;;;;;;6.17260477;
LOC107510825;;-3.124450287;;;;;;
LOC107510831;;;;;;2.177361029;2.3254656;
LOC107510879;;;;;;;1.502417669;
LOC107510957;;;1.821066138;2.319937596;;;;
LOC107511031;;;;;;;4.073927686;
LOC107511190;;6.334581927;;;;;;
LOC107511229;;;;;;3.864942135;5.145572487;4.507170825
LOC107511260;;;;1.698983562;;;;
LOC107511263;;2.242630123;;;;;;
LOC107511276;;;;;;3.717840771;4.109533021;3.433751831
LOC107511328;;;;;;;5.779907302;
LOC107511385;;;;;;2.529036299;1.712419107;
LOC107511415;3.363246103;3.158294264;2.828232909;3.528131819;;3.580314633;4.411198716;3.024072275
LOC107511434;;;;2.526774714;;;;
LOC107511568;;9.065064504;8.606915823;6.128832138;;6.357045807;8.844905083;
LOC107511621;;-2.749619182;;;;;;
LOC107511706;;3.646459995;;;;;2.539083004;
LOC107511737;;2.745971251;;;;;;
LOC107511915;;-2.361730029;;;;;;
LOC107511940;;;;;;4.963032341;;
LOC107511992;;-1.61042077;;-1.691260347;;;;
LOC107511993;;-1.741464994;;-1.885442278;;;;
LOC107511999;;-1.741400915;;;;;;
LOC107512001;;-3.098186848;;-3.121442719;;;;
LOC107512284;;;;;;2.207640906;2.409829853;
LOC107512291;;;;;;1.876107675;3.084550364;
LOC107512412;;;;-5.234316572;;;-5.19175197;
LOC107512421;;3.464597302;;;;3.767488937;5.965479628;3.129269155
LOC107512430;2.841490437;1.972421238;;;;;;
LOC107512535;;2.047216226;;;;;1.865270789;
LOC107512537;;;;;;;1.795914694;1.520327579
LOC107512698;;;;;;;1.553887817;
LOC107512699;1.590531852;2.191508457;;;;;2.233378996;1.806506964
LOC107512713;;5.480947691;;;;6.094671044;7.237529015;7.3727418
LOC107512761;;;;;;1.500839436;;
LOC107512807;;-1.723517282;;;;;;
LOC107512837;;-2.141032012;;;;;;
LOC107512856;;2.808335016;;;;;;
LOC107512883;;2.677045513;;;;;3.305927137;
LOC107512957;;-3.658669578;;;;-1.595459104;-1.918087169;
LOC107512996;;;;;;;1.800132436;
LOC107513008;;-1.947871162;;;;;;
LOC107513009;;;1.653898453;;1.546368659;;;1.759960682
LOC107513015;;;;;;;;1.704885459
LOC107513061;;;;-2.875945008;;-1.933833169;-2.88608873;-3.749367544
LOC107513079;1.869794405;1.740518292;;;;;;
LOC107513102;;-1.831592919;;;;;;
LOC107513201;;;;;;4.053809962;3.049651443;
LOC107513255;;1.535343096;;;;;;
LOC107513273;1.693996867;3.199496565;;;2.138600747;;2.931787799;2.615764738
LOC107513314;;;;;;1.637659869;1.544357774;
LOC107513427;1.532609526;2.121184497;;;;;;1.681349799
LOC107513437;;;;;;1.86643609;;
LOC107513614;;2.533533816;;;;;;
LOC107513718;2.215326493;3.351705229;;;;;2.322605778;
LOC107513869;;5.8478347;;5.08733825;;;;
LOC107514096;2.031097839;;;;;;3.742679759;
LOC107514121;;5.946310978;;;;;;
LOC107514149;;-2.373509414;;;;;;
LOC107514167;;;;;;5.239642714;;
LOC107514185;;;;;;4.902415115;;
LOC107514202;;5.515430579;;;;;;
LOC107514243;;1.61639436;;;;;;
LOC107514309;1.794999821;;;;;;;
LOC107514321;;;;;;2.437585464;;
LOC107514397;;-4.618224616;;;;;;
LOC107514616;;;;;;2.975115967;;
LOC107514800;;2.027801009;;;;;;
LOC107514937;;;;;;1.765037232;;
LOC107515003;;;;;;5.879502916;6.108375531;
LOC107515073;2.002106546;;;;;;;
LOC107515253;;;;4.354972273;;;;
LOC107515282;;;;;;3.305599913;;
LOC107515315;2.487924847;;;;;;;
LOC107515316;2.606591305;;;;;;;
LOC107515333;2.554894707;;;;;;;1.524079978
LOC107515433;;-1.55396719;;;;;;
LOC107515471;3.019446109;2.696142551;;;;2.994405349;3.285346422;2.9515058
LOC107515543;;2.422656317;;;;;;
LOC107515678;;;;;;-1.548188043;;
LOC107515684;1.82398222;;;;;;;
LOC107515718;;;;;;2.740470259;;
LOC107515724;;-2.045163749;;;;;;
LOC107515735;;;;;;;3.16531176;
LOC107515885;;-1.633816557;;;;;;
LOC107515952;;-2.784774735;;;;;;
LOC107516015;;;;;;;;-1.509465536
LOC107516222;;4.157045043;;3.906442494;;;3.310517319;
LOC107516554;;;;;;1.586502321;;
LOC107516598;;;;1.920013332;;;;
LOC107516693;;;2.317075668;;2.829948401;;1.79871641;1.971875141
LOC107516786;;;3.136338964;3.919548159;1.944395376;;2.159513352;
LOC107516823;;1.87389628;;;;;;
LOC107516969;;;;;;;3.353352788;3.468719816
LOC107517090;;;;4.02107966;;;;
LOC107517092;;;;;;;3.700813208;
LOC107517111;;;;;;2.637490647;;
LOC107517145;;-5.166194446;;;;;;
LOC107517264;;2.291788847;;;;;;2.933974821
LOC107517280;;;;2.282907396;;;;
LOC107517325;;;;;;-1.836365461;;
LOC107517680;;-1.758091324;;;;;;
LOC107517737;;;;;;;2.701217221;
LOC107517829;;;;;;1.824597977;;
LOC107517830;;-1.946129394;;;;;;
LOC107517909;;;;6.225611357;;;;
LOC107517942;;1.648084405;;;;;1.882226291;
LOC107518211;;;;;;2.397158759;;2.702276447
LOC107518212;;;;;;3.231216336;;2.314045503
LOC107518237;;;2.374263619;3.570727291;;;;
LOC107518270;;;;5.074291779;;;;
LOC107518337;;3.072640934;;;;;2.940353701;2.214560426
LOC107518414;;;;;;3.024823422;;
LOC107518422;;4.28104475;2.257336389;;;;;
LOC107518583;;8.65098493;8.52340192;;;6.935190679;10.26700673;7.81684866
LOC107518587;;9.115400766;8.335309522;5.576683737;;5.876362608;8.662835501;
LOC107518588;;4.88384604;;;;;6.486702785;8.13320767
LOC107518590;;9.611027204;8.46445503;5.329836073;;6.188047017;10.18055768;7.453049598
LOC107518592;;7.711150369;6.370752998;6.398285817;;4.461841347;9.491269927;
LOC107518609;;2.234083795;;4.961120539;;;;
LOC107518613;;1.831110163;;;;;;
LOC107518630;;-2.352719723;;;;;;
LOC107518654;;1.955065735;;;;;;2.373472442
LOC107518731;;-4.773244639;;;;;;
LOC107518827;;-3.501911337;;;;;;
LOC107518925;;1.681552929;;;;;2.029450716;1.60250891
LOC107518949;;-1.714165019;;;;;;
LOC107518955;1.559784858;;;;;;;
LOC107519053;;1.834410904;;;;;;
LOC107519059;;;;;;1.664235899;1.743610256;
LOC107519218;;7.451127062;3.684075149;;;3.098351451;4.901135791;3.476945543
LOC107519231;;2.974372627;1.51577517;1.696797189;;;2.357127102;1.779955198
LOC107519276;;;;;;;3.098648748;
LOC107519280;;7.320902871;4.570930389;4.291935584;;5.228240133;6.120719801;
LOC107519320;;;;1.577954841;;;;
LOC107519348;;;;;;2.056787799;3.922760705;3.909968004
LOC107519599;;;;;;-1.80935209;;
LOC107519645;;-1.887601149;;;;;;
LOC107519646;;;;;;-1.736962477;;
LOC107519692;;;;6.04235994;;;;
LOC107519724;;;;;;;;1.955437706
LOC107519732;;;;;;;5.095492913;
LOC107519736;;2.227545299;;;;;;
LOC107519739;;;;2.957170105;;;3.282111741;
LOC107519771;;3.115220764;;;;;4.175628104;5.42612913
LOC107519796;;3.127786322;;-3.683604795;-4.743627552;-2.13507364;;
LOC107519945;;4.050356539;;;;;;3.660288123
LOC107519947;2.905961726;3.312669749;;;;;7.074739654;
LOC107519986;;;;;-1.750681513;;;
LOC107520091;;;;;;1.545217194;;
LOC107520144;;;;;;;2.103245006;
LOC107520166;2.33424218;2.125547081;;;;;;
LOC107520175;;-2.630646794;;;;;;
LOC107520348;;;;1.533528536;;1.514882619;1.790346256;
LOC107520427;;-1.978662285;1.78715695;2.599898872;;;;
LOC107520589;;-5.09608917;;;;;;
LOC107520617;;;;;;;5.306289987;
LOC107520639;;;;;;3.228463929;;
LOC107520646;;;;;;;;4.583480489
LOC107520779;;;;;;2.680398269;;
LOC107520836;;;;;;2.370746937;;
LOC107520938;;;;;;;;7.850391155
LOC107520943;;;;;;5.269053618;5.790892875;6.18471717
LOC107521060;;;;;;4.941840985;;
LOC107521114;;-2.733193725;;;;;;
LOC107521166;;;;1.645196556;;;;
LOC107521243;;2.427548327;;;;;;
LOC107521299;;;;;;2.044337531;1.954196563;
LOC107521384;;;;;;-1.736554337;;
LOC107521420;;;;;;4.512679709;;
LOC107521442;;2.203915153;;;;;;
LOC107521510;;1.627767444;;;;;;
LOC107521563;;;-3.021774285;-5.139816461;;;;
LOC107521578;;1.688465473;;;;-3.677488113;;
LOC107521602;;;;;;3.272435055;3.060041112;
LOC107521614;;;;;;3.10047473;;
LOC107521658;;;;;;2.330411189;1.815529634;
LOC107521776;;5.192908467;;;;;8.007432524;9.5752669
LOC107521777;;7.37220539;;;;;6.870106234;8.963339228
LOC107521830;;;;4.661118245;;;;
LOC107521844;;1.666412061;;;;;;
LOC107521859;;-2.31879305;;;;;;
LOC107521862;2.027973945;2.695248016;3.332114485;3.794860977;;;;
LOC118600300;;1.510713326;;;;2.075887372;;
LOC118600331;;;;;;2.07948742;1.796290287;
LOC118600345;;;;;;;;1.692627691
LOC118600350;;;;;;;4.683730113;
LOC118600351;;;;;;3.327947773;;
LOC118600352;;2.344596881;;;;;;
LOC118600354;;;;;;2.198557355;;
LOC118600392;;;;;;4.2217755;5.043523614;
LOC118600404;;2.059316539;2.388383088;;;;;
LOC118600434;;4.816954597;;;;;;
LOC118600438;;;;3.907767135;;;;
LOC118601045;;;;;;1.574197449;;
LOC118601098;;;;;;;4.402679522;
LOC118601177;;6.392595407;;;;;;
LOC118601199;;;;;;2.825028232;;
LOC118601654;;;;;;4.235141784;;
LOC118601689;;;;;;2.268290686;;
LOC118601693;;;;;;-1.515022681;-1.583869955;
LOC118601714;;2.142258128;;;;;;
LOC118601719;;;;;;1.862875126;1.979880464;
LOC118601748;;3.187193997;;;;;3.730379952;
LOC118601757;;;;2.959736922;;;;
LOC118601758;;3.239511713;;;;;;
LOC118601768;;2.918416134;;;;;1.959633518;
LOC118601788;;;;;;;-1.512632657;-1.626302324
LOC118601960;;4.81889171;;;;;;
LOC118602567;;5.220027002;;;;;;
LOC118602772;;;;;;;;1.936784045
LOC118602776;;;;;;1.693950192;;
LOC118602777;;;;;;2.066860149;1.927587584;
LOC118602783;;;;;;2.924015805;;
LOC118602800;3.767868123;;;;;;;2.906977801
LOC118602818;;2.844822187;;;;-2.51260003;;
LOC118602827;;2.864633329;;;;;;
LOC118602839;;;;;;-3.067270622;;
LOC118602842;;;;;;1.893101813;;
LOC118602851;;1.631484513;;;;;;
LOC118602852;2.407195658;2.863801058;3.83475194;3.700389251;;;;
LOC118602860;;2.342680842;;;;;;
LOC118602861;;2.828290931;;;;;;
LOC118602874;1.932872721;;;;;;;
LOC118602884;;5.507567275;;;;;;
LOC118602909;;;;;;;2.688470003;2.544190692
LOC118602922;;;;;;1.877288989;1.50359509;
LOC118602933;1.964301012;;;;;;;
LOC118602952;;;;;;2.361517503;2.438007564;1.648728885
LOC118602983;;1.624073744;;;;;;
LOC118602998;;;;1.687299206;;;;
LOC118603003;;;;;;5.191018914;;
LOC118603354;2.301076816;2.84621565;;;;;;
LOC118603773;;;;;;-1.631130331;;
LOC118603801;;4.210351328;1.865309854;;2.878655308;;3.260978169;3.680385615
LOC118603841;;1.725490274;;;;;;
LOC118603856;;;;;;1.987625637;;
LOC118603866;;1.806868766;;;;;2.848770719;1.985903099
LOC118603868;;;;;;1.612016482;;
LOC118603879;;;;2.14023736;;;;
LOC118603890;2.866025311;5.584117646;5.130066649;6.639076646;;4.373198973;6.519159979;
LOC118603894;;2.251491133;;;;;;
LOC118603897;;3.003222287;;;;;;
LOC118603906;;2.506073894;;2.952152714;;;3.153399205;2.76199811
LOC118603910;;;;;;4.771521908;;
LOC118603935;;;;;;2.777831743;;2.881120579
LOC118603936;;;;;;3.883718885;;4.683707861
LOC118603940;;;;;;2.462906689;1.82900934;
LOC118603947;;-2.898859694;;;;;;
LOC118603971;;3.275158832;;;;;;
LOC118603979;;1.668331;;;;;;
LOC118603986;1.783639342;1.522033098;;;;;;
LOC118604009;;4.80309526;;;;;;
LOC118604375;;;;;;;2.837416973;
LOC118604736;;;;;;5.369316407;;
LOC118605042;;3.203507137;;;;;;2.501599811
LOC118605097;;;;4.399805383;;;4.197344655;
LOC118605299;5.652184254;5.981811947;3.074771767;4.17414461;;3.871130911;;
LOC118605438;;;;;;2.864869218;;
LOC118605442;;;;;;3.7912984;;
LOC118605449;;;;;;-4.232721451;;
LOC118605471;;4.454117142;;3.290900611;;;2.670596764;
LOC118605484;-1.50089608;;;;;;;
LOC118605572;;;;;;4.952226021;;
LOC118605608;;;;;;2.013796407;;
LOC118605888;;;;4.624570523;;;;
LOC118606397;;;;3.042094063;;;;
LOC118606422;;;;;;;3.275962918;
LOC118606561;;-1.942688689;-1.83668766;;;;;
LOC118606585;;3.136806907;;3.429438509;;;3.324444963;
LOC118606645;;;;;;-1.770715888;;
LOC118606691;;2.742812331;;;;2.203059752;;
LOC118606778;;3.553271987;;;;;;
LOC118606786;;;;;;3.282410116;;
LOC118606787;;;;;;3.655870516;;
LOC118606792;;;;;;-1.524537634;;
LOC118606794;;;;;;6.792781058;6.643389562;
LOC118606795;;;;;;;2.126913758;
LOC118606822;;;;;;2.18223909;2.795124639;1.815922097
LOC118606911;;5.836099287;;;;;;6.136575061
LOC118606912;;5.380599421;;;;;;
LOC118606928;;;;;;;;1.653111171
LOC118607777;;;;;;2.412656701;;
LOC118607778;;;;;;4.575076463;;
LOC118607883;;;;;;2.557494759;;
LOC118608213;;1.935640962;;;;;;
LOC118608219;-7.140262441;-7.330691861;;;;;;
LOC118608635;;-1.704660353;;;;;;
LOC118608656;;-3.479203948;;;;-4.196114672;-3.422634653;
LOC118608663;;;;;;4.191923201;4.890054732;5.872379006
LOC118608688;;;;;;2.455762498;;
LOC118608692;;1.625597505;;;;;;
LOC118608713;;;;;;4.453462736;;
LOC118609005;;5.031139882;;;;;;
LOC118609153;;;;;;3.121876535;3.805238828;
LOC118609185;;;;;;2.303669731;;2.208134022
LOC118609343;;-1.514407336;;;;;;
LOC118609353;;2.048152497;;;;;;
LOC118609376;;;;;;1.821640347;1.790368741;
LOC118609380;;2.193429456;;;;;;
LOC118609528;;7.566351619;;;;;;
LOC118609937;;;;;;1.645216687;1.912341052;
LOC118609962;;4.545954581;;;;;4.275734504;
LOC118609965;;;;;;;1.863096394;
LOC118609968;3.556463797;;;;;;3.878643615;5.089978361
LOC118609976;;;;;;1.708614288;;
LOC118609983;;-2.499196334;;;;;;
LOC118609985;2.155555914;;;;;;;
LOC118609990;;;;;;;5.154624959;
LOC118609995;;2.560726297;;;;;;
LOC118610014;;-3.052833855;;;;;;
LOC118610028;;;;;;2.38701162;;
LOC118610042;;;;;;6.116999683;;
LOC118610047;;2.591350763;;;;;;
LOC118610127;;3.712631352;;;;;;
LOC118610132;;;;;;3.8190061;;2.344371028
LOC118610196;;;;;;-2.859203898;-4.181467706;
LOC118610660;;;8.40182343;9.026715827;;;6.558581355;
LOC118610711;2.866249724;;;;;1.867088803;3.112714861;3.153938906
LOC118610712;;-2.036997663;;;;;1.741814057;
LOC118610731;;;;;;2.054645404;;
LOC118610742;;;;;;-1.657994447;;
LOC118610747;;1.804523699;;;;;;
LOC118610769;;;;3.549918306;;;;
LOC118610787;;;;;;1.841812416;;
LOC118610789;;;;;;2.486656652;4.960973837;
LOC118611190;;-3.575740461;;;;;;
LOC118611337;2.251297982;4.393578454;2.752361443;;;2.150759312;;
LOC118611357;;;;;;2.898411985;2.727789634;1.9220957
LOC118611360;;;;3.028698766;;;;
LOC118611400;;2.893710342;;;;;;
LOC118611440;;;;;;;4.471144368;
LOC118611441;;;;1.625487673;;;;
LOC118611468;;2.647267134;1.796592353;1.594703546;;;;
LOC118611469;;;;;;1.646611207;;
LOC118611486;;5.068766399;;;;;;
LOC118611543;;;;;;1.761155779;;
LOC118611901;;;;;;3.578533735;;3.371534131
LOC118611968;;;;;;1.632510291;;
LOC118611979;;3.288116869;;;;2.580942008;3.188987838;
LOC118611996;;;;4.689106207;;;;
LOC118612425;;;;;;3.114946906;;2.147326188
LOC118612429;;4.882445237;;;;;;
LOC118612440;;;;;;2.014797698;;
LOC118612447;;;;;;4.308655567;;
LOC118612468;;1.621578891;;;;;;
LOC118612471;;;;;;1.809062514;2.018700501;
LOC118612481;;;;;;;3.048681123;
LOC118612484;;-1.5739086;;;;;;
LOC118612485;;;;;;4.087871565;;
LOC118612844;;1.894759582;;;;;;
LOC118612847;;;;;;1.530323821;;
LOC118612856;;;;;;1.733279267;;
LOC118612867;;;;1.822326006;;;1.641376273;
LOC118612874;;1.944064178;;;;2.636783171;;
LOC118612877;;;;;;-1.810278476;;
LOC118612888;4.438382835;4.550862653;;;;4.077043812;3.485307832;2.53509227
LOC118612891;;;;;;2.200802301;;
LOC118612895;;;;;;;3.282043769;
LOC118612938;;-1.698825801;;;;;;
LOC118613214;;;;;;-2.141324279;-1.887064192;
LOC118613346;;;;;;;;-4.312583553
LOC118613370;;-3.779685227;;;;;;
LOC118613539;;;;;;2.624357551;;
LOC118613541;;;;1.658106507;;;1.830689223;
LOC118613632;;;;;;;3.492280674;
LOC118613655;;;;;;;4.846868512;
LOC118613689;;;;;;;2.154841607;
LOC118613707;;;;;;1.517661683;;
LOC118613711;;6.457418323;;;;;;
LOC118613714;;;;;;1.571888586;;
LOC118613759;;-4.995832156;;;;;;
LOC118613767;;;;;;2.134430279;;
LOC118613787;;;;;;2.746233049;2.167769164;
LOC118613791;;4.216719513;;;;;;
LOC118613792;;3.03384141;;;;;;
LOC118613800;;;;;;;1.507968093;1.543631186
LOC118613820;;;;;;3.47486605;;
LOC118613847;;6.07291172;;;;;;
LOC118614676;;;;;;;;4.102345559
LOC118614917;;-2.831686404;;;;-1.649765332;;
LOC118614938;;;;;-7.64216744;;;-5.627298373
LOC118614978;;;;;;2.36561113;;
LOC118614984;;1.635225834;;;;;;
LOC118614996;3.079616452;4.562496636;4.611188169;;;4.316131166;;
LOC118614997;;;;;;-1.700027085;;
LOC118615033;;3.041790048;;;;;;2.652489799
LOC118615044;;8.909137835;;;;;;
LOC118615054;;;;;;2.636802282;2.747691534;
LORICRIN;;-1.711651353;;;;;;
LOXL1;;;;;;5.419221405;;
LPL;-2.420018096;;;;;;;
LRATD1;;;;;;;4.311802657;
LRFN1;;;;;;1.579359545;;1.819569266
LRG1;;;;;;3.045053139;4.018921433;
LRIG1;-1.604901919;;;;;;;
LRP3;;;;;;;;2.276818752
LRRC15;;2.524631927;;2.695584028;;;;
LRRC17;;;;;;;5.196783471;
LRRC18;;2.399141659;;;;;;
LRRC25;;;;;-2.794624157;-3.125772688;-3.594409946;-3.651200466
LRRC29;;1.641300824;;;;;;
LRRC4;-3.043610728;;;-2.506619085;-3.584761841;-1.976544349;-2.736187909;-3.621363746
LRRC69;;;;;;;;5.827227096
LRRN2;;-2.151406386;;-3.658939884;;;;
LRRN4CL;;;;;;;1.563794836;
LRRTM2;;2.33037324;;;;;;
LSMEM2;;;;;;;;6.205983345
LTA;3.93435079;5.833046936;3.613390496;4.417924135;;;2.486444835;
LTBP2;;-1.922170609;;;;;;
LTBP3;;;;;;2.683898539;2.851121829;2.583993582
LTBP4;;;4.189515948;3.625722369;;;;
LUZP2;;;;;;;;5.01877975
LXN;;1.652927228;;;;;;
LYSMD2;;1.691037075;;3.774303579;;1.760877779;3.512583397;
LYVE1;;;-4.019704816;;;;;
LYZ;;-1.523001752;;;-2.026549569;;;-1.980377457
LZTFL1;;;;;;2.083540952;;
LZTS3;;2.108987257;;;;;;
MACC1;2.645939601;3.003154232;2.190326401;;;3.145765082;;
MAD2L1;;-1.561386338;;-1.778280152;;;;
MAEL;;1.720902726;;;;;;
MAF;;;-1.740311529;-3.197156516;;-1.557202104;;
MAFB;;;;-1.552557883;;;;-1.584466176
MAGI1;;;;1.802764644;;1.756397773;2.503799775;
MAL;;;;3.462603512;;;;
MAMDC2;-3.212153319;;;;;;;
MAMLD1;;2.396774576;;;;;;
MAP1A;;;;2.619475872;1.72059405;;;
MAP1B;;;;3.340884678;;7.481591132;5.714927876;
MAP2;;;8.985062165;9.036216937;;;;
MAP3K14;;1.608081007;;;;;;
MAP3K6;;;;;;;1.893765682;
MAP3K9;;-2.385323305;;;;;;
MAP7D2;;;;;;1.517287186;2.250603491;2.66649906
MAP9;;;;;;3.728043303;;
MAPK11;;-1.926071672;;;;;;
MAPK12;;-1.82964645;;;;-1.75431692;-2.187664951;
MAPK13;;;;;;2.82554062;2.610289422;2.666028511
MARCKS;;1.51622258;;;;;;
MARCKSL1;1.880331494;1.998777854;;1.811566921;;;;
MARCO;;;;-3.364981078;-4.194298299;-2.111097647;-3.660936702;-3.858586717
MARVELD2;;4.802609906;3.108967725;;;;;2.47096461
MAST4;;;;2.104461072;;;;
MATN1;;;;;;4.719186502;;3.94934032
MBNL3;;-1.975063077;;;;;;
MBOAT1;;-1.726524775;;;;;;
MCF2L;;1.557207186;;;;;;
MCF2L2;;3.224997538;;;;;;
MCL1;;1.853504724;;;;;;
MCM3;;-1.854715875;-1.5317007;;;;;
MCM4;;-2.160923315;-1.785769674;-2.021201578;;;;
MCM7;;-1.627760996;;;;;;
MCRIP2;;-2.293592792;;;;;;
MDK;;;;4.809031394;;;;
MED12L;;1.752700735;;;;;;
MEFV;1.520231892;;;;;;;
MEGF6;;;;;;-1.87282665;-1.91315978;
MEIS2;;;1.790325891;2.527442198;;;;
MELTF;;;1.656306059;;;;;
MERTK;;;;-1.664119511;;-1.667624925;-2.018353278;-1.741067734
MESP1;;;;;;;1.85398456;
MESP2;;;;;;;1.912785081;
MEX3B;;-1.975504481;;;;;;
MFAP3L;;-2.152102196;;;;;;
MFGE8;;;;;;1.68581502;;
MFSD2A;;-6.211308875;;;;;;
MFSD2B;;2.923277533;;;;;;
MFSD3;;;;;;-1.507266656;;
MFSD6;;;2.797323006;3.457085228;;;;
MFSD6L;;;2.332348558;1.694184683;;1.651094599;;
MGST1;;;1.595435488;1.893349171;;;;
MID1IP1;;1.852152985;;;;;;
MIS18A;;-2.106072902;;;;;;
MIS18BP1;;-1.509800543;;;;;;
MKI67;;-1.57785976;;-2.186542379;;;;
MLANA;;;3.346290323;6.858668101;;;;
MLF1;;3.231578776;;;;;;
MLKL;;1.667082774;;;;;;
MLLT11;;;;1.747186442;;;;
MLLT3;;1.741285497;;;;;;
MLXIPL;;-2.347908081;;;;-1.512344606;;
MMP11;;2.084508234;;2.269496816;;;;
MMP12;;;;;;4.615162071;;
MMP17;;;;;;;;2.250909508
MMP19;;3.864152224;2.148693566;3.033027559;;;1.806467105;
MMP7;1.929701964;4.477349243;;2.299973591;;;;
MMP8;;;;;;;3.232930688;2.236712221
MMP9;;;;;;;-1.638323075;
MMRN1;;;;;;;1.871427729;
MMRN2;-2.613361589;-2.816465035;;;;-1.876009583;;
MMS22L;;-2.357422872;-1.704992055;-1.581078341;;;;
MND1;;-2.088901213;;;;;;
MOB3B;;-1.818963289;;;;;;
MOCOS;;2.106162161;;;;;;
MOCS1;;1.751837914;;;;;;
MPC1L;;;;;;2.695710465;;
MPDZ;;;;;;;;3.212338444
MPO;;;;;;3.641383615;;
MRC2;;-1.616787367;;;;;;
MRE11;;1.636522951;;;;;;
MRLN;;-2.221698486;;;;;;
MRO;;;;;;2.680414687;3.355283905;
MROH6;;;;;;;2.030183334;
MS4A2;;;;;;;;3.418735135
MS4A4A;;;;-2.635435374;;;;
MSANTD3;;;;4.975850594;;;;
MSC;;1.916138601;;;;;;
MSI1;;;;3.817701087;;;;
MSI2;;-1.751241589;;;;;;
MSMO1;;;;;;1.638591091;1.954971386;
MSS51;;;;;;;2.39778138;
MST1R;;4.651872185;;;;;;
MT4;;;;;;3.453861156;;
MTFP1;;-2.76936313;;;;;;
MTFR2;;;;-2.148910015;;;;
MTHFD1;;-1.666431498;;;;;;
MTHFD1L;;;;;;1.71768688;;
MTMR8;;-1.600303846;;;;;;
MTSS1;;;;;;-1.516660743;-1.589491538;
MX1;;2.39446062;;;;;;
MX2;;1.818382728;;;;;;
MXD1;;1.670141366;;;;;;
MXD4;;;;;-1.561863469;;-1.603480223;-1.776140871
MYB;;1.524116548;;;;1.55035122;1.674187776;
MYBL2;;-2.427730342;-1.826544061;;;;;
MYBPC3;;;;;;1.660379741;3.177620274;1.987666045
MYC;;-2.195377356;;;;;;
MYG1;;-1.549929171;;;;;;
MYH10;;;;;;1.613220354;;
MYH11;;1.65754737;;;;;;
MYH14;;;;4.668627637;;;3.614507489;
MYL9;;;;;;4.344524657;;
MYLK;;;;3.32280276;;;;
MYO15A;;-3.981525025;;;;;;
MYO1A;;;;;;1.884611719;3.192067804;2.337710741
MYO5B;;2.304301452;;3.492885904;;;;
MYO5C;;2.618151254;;;;;;
MYO7A;;;;;;-1.781799461;;
MYOM2;;;;;;-2.179220837;;
MYORG;1.602410329;;4.298611242;5.397056221;;;;
MYT1L;;6.043032157;;;;;;
MZT2B;;-1.704963247;;;;;;
NABP1;;1.517263994;;;;;;
NACAD;;;;;;;;1.913088014
NAGK;;;;;;;-1.52482111;
NAPRT;;-1.533751779;;;;;;
NAPSA;2.645080967;2.838431254;;;;;;
NAV2;;;;;;;2.2773541;1.935944073
NBEA;;-2.310534296;;;;;;
NBL1;;;;;;;;2.045893077
NCAM1;;;;;;5.004630511;;
NCAPG2;;;-1.554598315;-1.746326388;;;;
NCKAP5;;-4.408879983;-2.047450231;;-3.009640809;-2.400742173;-3.648953996;-2.935943278
NDC80;;;;-1.781281823;;;;
NDUFA3;;-1.678461675;;;;;;
NEB;;3.712312735;;;;;;
NECAB3;;;;;;;;1.584815069
NECTIN1;;;;;;2.365515896;;
NECTIN2;;1.682362121;;;;;;
NECTIN3;;;;;;;4.243126746;5.147140456
NEFH;;3.31068654;;;;;;
NEIL3;;-2.40601408;;;;;;
NEK10;-2.362991404;;;;;;;
NEK2;;;-1.633127078;;;;;
NEO1;;-1.735711409;;;;;;
NETO1;;;;;;;4.84139958;
NEURL1;;2.274607231;;;;;;
NEURL3;;2.331966824;;;;;;
NFIA;;-2.906959992;-1.625704327;-2.318661958;-2.348479229;-1.872617726;-1.710134179;-1.821957848
NFIB;;;;;;2.931240131;2.957099846;2.617478493
NFKBID;;;;;;;1.533895472;
NFKBIZ;1.537265454;2.269028626;;;;;;
NIBAN1;;;;;;;1.533145967;
NKAIN1;;2.974067288;;;;;;
NKX6-2;;;;;;;3.067808001;
NLGN1;;1.980850569;;;;2.304534231;;3.029590201
NLRC3;;;3.144283659;6.152207847;;2.339626855;3.277498396;
NLRC5;;1.897924611;;;;;1.699903041;1.618534024
NMS;;;;;;4.011638705;;
NNT;;-1.754207641;;;;;;
NOD1;;2.596983323;;;;;;
NOD2;;;;;;1.523448854;;
NOL4L;;1.878284588;;;;;;
NOXO1;;;;;;1.621629222;;
NOXRED1;;;;;;3.818835826;;
NPAS2;;-1.966383093;;;;;;
NPHS1;;;1.841986693;;;;;
NPHS2;;5.363661612;;;;;;
NPR1;;;;;;;1.865895109;2.035394408
NR1H3;;;;;;-1.861060089;;
NR4A1;;2.154367142;;;;2.460503693;2.644681203;2.226711603
NR4A2;;;;;;2.238369138;;
NR4A3;;4.109857308;2.276566997;3.216689615;;1.938973756;2.179111264;
NRG1;;;;;;1.766747478;3.484279327;
NRIP3;;2.562157142;2.080284155;;;3.16632277;;2.058288329
NRP2;;1.708256608;;1.574448742;;;;
NRSN2;;;;;;5.333476997;;
NT5C3A;;2.226226989;;;;;;
NT5DC1;;-1.628482903;;;;;;
NTN1;2.449041952;4.656651098;3.528398271;3.631666796;;2.227919401;3.500097442;
NTN4;;;;1.73897572;;;;
NTRK1;;2.437116377;;;;;2.123452666;2.406244277
NTRK3;;-2.299012896;;;;;;
NUB1;;1.663835875;;;;;;
NUMBL;;;;;;-1.718365265;-2.508932643;
NUP210;;;;1.998538476;;;1.573126801;
NUPR1;;2.519542719;;;;;;
NUSAP1;;;;-1.83211624;;;;
NWD2;;-3.25662951;;;;;;
NXPH3;;2.376877223;;;;;;
NXPH4;;-2.676189566;;;;;;
NYAP1;;;2.046436708;2.566606593;;;;
NYAP2;;1.562924771;;;;;;
NYX;;2.941711562;;;;3.789532009;;3.386537603
OAF;;1.862417779;;1.800316895;;;;
OAS3;;2.204389327;;;;;2.592183264;2.106542439
OASL;;3.353903334;;;;;;2.173015396
OBSCN;;-2.037070645;2.010201458;4.129393298;;;;
OCIAD2;;;;;;2.960116737;4.349684834;
OCLN;;4.344246894;;;;;5.62645835;
ODAD4;;;;2.195682908;;;2.449533693;2.424461328
OLFML2A;;3.39687365;;;;2.694537638;;
OLIG1;;;;;;4.933340684;;
OLIG2;;;;;;4.469449634;;
ONECUT2;;2.101893573;;;;;3.88514919;2.502933808
ORC1;;-3.07378612;-2.035840067;;;;;
ORC6;;-1.815658804;-1.753199312;;;;;
OSM;2.302964065;1.972179312;;;;3.471764528;3.071323944;2.658189938
OSMR;3.152858865;2.308734191;;;;;;
OXCT1;;;;;;;2.087566392;
P2RX1;;4.298901022;;;;;;
P2RY10;;;;;;;3.839786975;
P2RY12;;-1.798136026;-1.547945629;-2.339117289;-3.092868721;;-1.733628846;-3.061893452
P2RY13;;;;;-4.248037728;-3.281700214;-3.579909092;-4.394971623
P2RY14;;;;;-2.441519143;;;-1.874200808
P2RY8;;;;;;;-1.786031712;
P4HA3;;2.094355106;2.562561159;2.55927806;;;;
PABPC1L;;-1.828235704;;;;;;
PACSIN3;;2.016938209;;;;;;
PADI2;;-1.537855327;;;;-1.583789979;-1.835302626;
PADI4;;;;;;;3.731403431;2.742377809
PALD1;;-1.794509868;;;;;;
PALLD;;2.186996625;;;;2.452963211;;
PALM3;;3.314455278;;;;;3.012060906;4.777712109
PANX2;;;;3.175920984;;;;
PAPPA2;;1.501872906;;;;;;
PAQR5;;;2.141047374;;;;;
PAQR9;2.216985008;;;;;;;
PARD3B;;;;-1.887891113;;;;
PARP10;;1.508364985;;;;;;
PARP14;;1.560141762;;;;;;
PARP8;;1.666093917;;;;;;
PATL2;;;;;;1.648220121;;
PAWR;;;;;;;;4.23410599
PAX5;;;;;;;2.010258655;2.969076545
PAX6;;;;;;;;5.776944965
PBK;;-1.979054955;;-1.983177697;;;;
PCDH10;;;;;;;5.998112216;
PCDH12;;;;-6.331336869;;;;
PCDH7;;;;;;;;3.514766405
PCDH8;;;;;;;5.652203726;5.776176485
PCDH9;;2.830262167;;;;2.497281339;;
PCED1B;;;;-2.354980986;;;;
PCLO;;;;;;4.994156318;2.974769287;4.74599207
PDCD1;;2.448855579;;;;;;1.886329775
PDCD1LG2;;1.678588504;;;;;;
PDE3A;;;;;;3.346818386;;
PDE4B;1.645061032;1.612051418;;;;;;
PDE5A;;2.843235016;;;;;;
PDE6A;;;;;;3.952539201;;
PDGFC;;;1.803004335;;;1.680901758;;
PDGFRA;;;3.805538889;6.491331625;;3.712132121;;
PDGFRL;;;;;;5.745323779;;
PDK3;;-1.754660599;;;;;;
PDLIM1;;;;;;;1.677113463;2.619504451
PDLIM3;;6.007870252;;;;;;
PDPN;;1.638046236;;;;;;
PDZD7;;-1.655495114;;;;;1.840587649;
PDZK1IP1;;2.380910346;;;;2.931705887;3.306500024;2.110827155
PEAK3;2.368056704;1.523706414;;;;2.231199964;2.833215194;1.934996158
PEAR1;;;;-2.551894005;;;;
PECAM1;;2.829660911;;;;;;
PEG10;;;;;;6.077175621;6.232646226;4.877607146
PELI1;;2.762971831;;;;;1.756175151;1.7806473
PELI3;;;;;;;-2.787797254;
PERCC1;;;;;;;;1.857327007
PFKFB3;1.927071158;2.025494837;;;;;;
PFKM;;-1.588956924;;;;;;
PGF;2.457951544;2.421544185;;;;;;
PGM5;;6.85889794;7.445953947;7.632663516;;5.501087385;7.749035191;
PHLDA1;;;;1.603835411;;;;
PHLDA2;1.833654488;2.202168183;;;;2.979263709;2.282854368;2.38474526
PHOSPHO1;;;;;;;2.059482882;
PHYHIPL;;;;;;;5.118209491;
PI16;;;;;;1.918127644;1.918845239;1.533953764
PI3;2.893183928;3.936203839;;;;3.130526947;;
PID1;;;;;;;;-1.584642586
PIF1;;-2.028324299;;;;;;
PIK3C2B;;2.164444092;;;;;;
PIK3IP1;;1.898684959;;;;;;
PILRA;;-2.201125882;;;;;;
PIMREG;;;;-4.948261548;;;;
PIP4K2C;;1.951727051;2.532296535;1.959228398;;;;
PIPOX;;-2.676142884;;;;;;
PITRM1;;;1.634780794;1.661659288;;;;
PIWIL2;3.85669162;3.829892504;;;;;;
PKDCC;;;;4.12650749;;;;
PKHD1L1;;;;;;2.104076855;;
PLA2G2A;;4.135360654;;;;;;
PLA2G4F;;;;;;1.604471814;;
PLA2G6;;;1.522405127;;;;;
PLAAT3;;1.690408562;;;;;;
PLAC8;;3.159594316;;;;;;
PLAC8L1;;-1.720653752;;;;;;
PLAC9;;;;;;4.417481338;2.3134995;
PLAG1;;2.455519375;;;;;;
PLAU;;1.676174647;;;;;;
PLCE1;;;;;;3.903928612;3.568076148;4.072401819
PLCL1;;;;;;2.260370571;;
PLEKHA4;;3.608403072;1.650501664;;;;2.119180071;2.330092089
PLEKHG1;;;;;;1.607024657;;
PLEKHG4;;;;;;;2.976232318;
PLEKHG5;;2.359105389;;;;;2.435297964;
PLEKHH1;;;;2.960172283;;;;
PLEKHH2;;;;;;;2.601494629;
PLEKHN1;;4.78234072;3.599147866;;;2.955735432;1.872570999;2.253435959
PLEKHS1;;2.885998333;;;;;;
PLK2;;;;;;3.433712605;2.026659196;2.455727123
PLK3;;;;;;1.521613365;1.838906984;2.108654438
PLK4;;-1.55647964;;-1.740509065;;;;
PLPPR2;;;;1.608769888;;;;
PLPPR5;;;;;;;2.350337596;
PLS1;;;;;;2.292701877;;
PLXNA4;1.510837131;;-1.576975143;;;;;
PMAIP1;;;;;;;;1.545877697
PMP22;;-2.762662889;;;;;;
PODN;;;;2.46712196;;;;
PODXL;;;;;;;3.142357378;
POLA1;;-1.700604152;;;;;;
POLE;;-1.781366329;;;;;;
POLE2;;-1.96498636;-1.944666305;-2.27726031;;;;
POP1;;;1.542455708;2.095112856;;;;
POU2F2;;;;-2.214220113;;;;
POU2F3;;1.725003233;;1.818617785;;;;
PPARG;;;;;;;1.575036236;
PPARGC1A;;;;;;;2.277112601;
PPEF1;;;;;;4.134935796;2.708959687;
PPEF2;;;;1.731696542;;;1.803599827;1.598319441
PPL;;2.995271193;;;;;;
PPM1J;;;2.069616398;2.030929099;;;;
PPP1R13L;;;;;;;;1.567427147
PPP1R14A;;;;1.814736136;;;;
PPP1R14C;;;;;;;;1.532100253
PPP1R15A;;;;;;1.605577752;;
PPP1R2;;1.562150559;;;;;;
PPP1R3B;;;;-1.729504983;;;;
PRAC2;;4.952774803;;;;;;
PRAM1;;-1.9452675;;;;;;
PRDX1;;;;1.820977606;;;;
PRICKLE1;;;;;;4.890777141;;
PRICKLE4;;-1.570574678;;;;;;
PRIMPOL;;-1.710651336;;;;;;
PRKAA2;;;;;;;6.536640333;
PRKAR2B;;-2.675945506;;;;;;
PRND;;;;;;;4.938616865;
PROB1;;2.032817838;;;;;;2.523730766
PROCR;;;2.819387137;4.141756927;;;;
PROK2;;;;-5.140070655;;;-5.096998021;
PROKR2;;;;;;;5.851518254;
PROS1;;-1.529441666;;;-1.841174805;;;-1.914767281
PRR11;;-1.661876112;;;;;;
PRR5L;2.978098702;4.229514866;;1.749641234;;4.288658853;4.321859824;2.281810629
PRRG2;;1.5796466;;;;;;
PRRG4;1.690574652;4.899209851;2.848723349;3.485092211;;3.857852898;4.679521962;3.248956675
PRRX1;;3.365932038;;;;;;
PRRX2;;-1.558460905;;;;;;
PRSS12;;;;;;1.509601377;;
PRSS48;;;;;;;;2.964653887
PRSS57;;;;;;2.218980169;2.734739923;
PSD;3.391380515;;;;;2.329995781;2.867518558;2.312633179
PSMD11;;;;1.604944597;;;;
PSMF1;;1.623567512;;;;;;
PSRC1;;;-1.683653862;;;;;
PTGER2;;-2.058806153;;;;;;
PTGER4;;1.763932537;;;;;;
PTGES;2.559139464;1.588900204;;;;;1.897405686;2.006190459
PTGES3L;;;;1.88235239;;;;
PTGIR;;1.782531363;;;;;;
PTGS1;;;;;-1.874084005;-1.613095747;;-2.074881981
PTGS2;2.852504149;3.706366558;2.516247683;2.819281488;;3.999935248;4.237702953;3.670174004
PTH2;;5.37051781;;;;;;
PTHLH;;;3.383818249;7.927303441;;;;
PTPN13;;;;;;5.337568746;6.190646093;4.672402497
PTPN21;;2.067282878;;;;;;
PTPN3;;1.869773675;;;;;;
PTPRG;;;;;;1.540377046;;
PTTG1;;-1.512722188;;;;;;
PTX3;;;;;;;;3.211334709
PTX4;;-1.541871741;;;;;;
PVR;2.17942217;2.443631532;1.515113053;1.571514361;1.701123075;1.932154232;2.505842511;2.437936301
PXMP2;;;;;;;-1.523066031;
PYCARD;;-1.5025504;;;;;;-1.541387716
PYCR1;;;;;;2.42436192;;
PYDC1;;;;;;;4.494667447;
QPCT;;-1.939271499;;1.575550026;;;;
QRICH2;;;;;;;;3.781156674
RAB11FIP4;;-2.016532579;;;;;;
RAB19;;1.718343621;;;;;;
RAB37;;3.965003194;;;;;3.221468177;3.158565225
RAB3B;;;;;;;;1.924609236
RAB3IL1;;;;-2.293830259;;;;
RAB42;;;;;-2.295941379;;;-2.15963073
RAB44;;;;;;2.042308974;;1.860165371
RAB6B;;;;;;;5.965978199;
RAD51;;-1.784617908;-1.868439423;-1.999212866;;;;
RAD51AP1;;;;-1.515276104;;;;
RADIL;;;;;;;;2.477828025
RANBP17;;1.959703004;;;;;1.953343421;
RAP2A;;;;-1.690801282;;;;-2.072549999
RAPGEF2;;2.563871431;;;;;2.128805584;2.109501789
RAPGEF5;;4.156563626;;;;;;
RARRES1;;;;-2.254629761;;;;
RARRES2;;3.583310952;;;;;;
RARS1;;1.628716849;;;;;;
RASAL1;;;;1.545557335;;;;
RASGEF1A;;1.993446267;;2.111481877;;;;
RASGEF1B;;1.511031841;;;;;;
RASGRP4;;-1.929827846;;;;;;
RASL10B;-1.728027993;-2.06643379;;;;;;
RASSF1;;1.647591675;;;;;;
RBM11;;;;2.103265128;;;;
RBM20;-2.367725513;-3.406291748;;;;;;
RBM43;;1.531973084;;;;;;
RCAN1;;1.909361946;;;;1.69167507;1.606457678;1.721040405
RCAN2;;5.584138056;;;;;;
RCOR2;;4.471458664;;;;;;
RECK;;2.084977579;;;;;;
RECQL4;;-2.185463768;-1.587088877;;;;;
REEP2;;-1.98500009;;;;;;
RELN;;;;;;6.175698011;7.952177443;6.963419136
REM2;;;;;;1.504425125;2.353354362;1.968815617
REPS2;;-2.132367293;;;;;;
RESP18;;-4.337356242;;;;;;
RET;;;;1.61888456;;;1.635733338;
RETN;;-1.87947236;-2.162396398;;;-2.07480915;-2.093691078;
RFESD;;1.510799234;;;;;;1.966503987
RFLNB;;;;;;1.987603112;2.758308126;
RFTN2;;1.691756308;;;;;;
RFX2;;2.862011883;;;;;3.82744362;3.562107057
RFX8;;;;;;6.18230495;;
RGCC;;3.164769154;;;;;;
RGL1;;;;-2.748939438;;;;
RGS1;;1.836876809;;;;;;
RGS14;;-2.708525908;;;;;;
RHCG;1.981645721;;;;;;;
RHEBL1;;;;2.517998612;;;;
RHOD;;;;;;1.787981927;;1.719021996
RHOJ;1.601041022;;;;;;;
RHPN2;;;;1.621502466;;;;
RIMBP2;;-1.786360178;-1.899030257;;;;;
RIMS2;;;;1.798959538;;;;
RIN2;;1.532098055;;;;;;
RIPPLY3;;;8.60411652;10.40525609;;;;
RNASE1;;;;;;;;-6.900135113
RNASE4;;;;-4.400591153;-4.156576851;-2.407030726;-3.955118684;-4.15175894
RNASE6;;-2.863372416;;;;;;-2.368049157
RNASEH2A;;-1.56432625;;;;;;
RND1;;;;3.478682676;;;;
RNF125;-2.088724788;;;;-2.232404149;-2.134244085;-2.87075294;-2.626535932
RNF152;2.37124892;2.20458065;;1.500222669;;;;
RNF183;;;;;;5.321807578;;
RNF19B;;2.157467683;;;;;;
RNF213;;1.682388744;;;;;;
ROBO1;;-3.349189369;;;;;;
ROBO2;;;;;;6.021676786;6.891997033;7.580044157
ROBO4;;1.615761421;;;;;1.943537943;
ROGDI;;-2.44353268;;;;;;
RORC;;-1.929110598;;;;;;
ROS1;;;;;;3.376000036;;3.59934307
RPS6KA6;;;;;;;5.087778178;
RRAS2;;3.539945983;1.663416498;1.528695149;;;2.486886716;2.447658616
RRM2;;-1.695636714;-1.564402138;-2.134830575;;;;
RSAD2;;3.195396311;;;;;;2.574175558
RSPH3;;1.678236334;1.747191964;;;;;
RSPH4A;;;;;;;5.32240803;
RTKN2;;4.092750823;;;;;;
RTL10;;;;;;1.866706861;;
RTL5;;1.931908574;;;;;;
RTL9;;;;;;2.369461529;;
RTN4RL1;;-1.764822968;;;;;;
RTP4;;1.95779442;;;;;;
RUNDC3A;;;;;;;2.727598806;
RUNX3;;2.075220534;;;;;;
RYR1;;;;;;2.026165459;;
S100A1;;;;;;4.477379478;7.565660981;7.551754965
S100A12;;-1.717591383;;;;;;
S100A16;;;;;;;4.089231034;5.034942086
S1PR2;;;;;;;-1.510960539;
S1PR4;;;;;;;;1.512598565
SAMD1;;-1.80102418;;;;;;
SAMD5;;;;;;5.996306857;7.459507967;
SARS2;;;;;;;-1.808522094;
SASH1;;1.911270809;;;;;;
SASH3;;-1.551925514;;;;;;
SATB2;;;;;;1.921106294;2.085847697;1.804697361
SBK1;;-2.855420107;;;;;;
SCAMP5;;;;;;;3.729309665;
SCARB1;;;;-1.54617944;;;;
SCARF2;;;;2.517356224;;;-1.908600164;
SCD;;-1.921299325;;;;;;
SCEL;;;;;;3.324111422;;
SCG3;;2.033493131;;1.733517889;;;1.904044088;
SCLT1;;;;-2.280482277;;;;
SCML2;;-1.702151504;;;;;;
SCN9A;;;;;;;6.134703449;
SCNN1A;;-1.680881612;;;;;;
SCNN1B;;-5.550535428;;;;;;
SCNN1D;4.640598847;2.131009736;;;;;3.196438592;
SCNN1G;;5.517391111;;;;;2.794134635;
SCTR;;;;-2.048447296;;;;
SCUBE2;;2.388764648;;;;;;
SDC3;;;;-2.158108435;;;;
SDK2;;-1.582770635;;;;;;
SDS;;;;;;;;5.245110904
SEC14L5;;;;3.012359425;;;;
SECTM1;;3.673365431;;;;;;
SELENOP;;;;-3.062513685;-3.063008329;-1.918009388;-3.014782759;-3.048054569
SELL;;1.663775501;;;;;;
SEMA4A;1.634198484;2.10634051;;;;;;
SEMA6A;;;;;;5.666100539;7.310217159;7.208604699
SEMA6B;;-2.146573422;;;;;;
SEMA6D;;;;;;;2.64898901;
SEPTIN1;;;;1.7238461;;;2.281495937;
SEPTIN5;;;;;;2.001621536;2.183384305;
SERPINA1;;;;;;3.127270985;3.326325352;2.987758606
SERPINB2;2.710455221;3.834730377;2.392769444;3.24093544;2.737653498;4.42766271;4.762204162;3.976826519
SERPINB7;;-3.886963665;;;;;;
SERPINE1;;;;2.519155833;;;;
SERPINE2;;;2.579303664;4.113853168;;;2.954338409;2.546628158
SERPINF2;;;;;;-4.048304393;;
SERPING1;2.895813516;4.144077865;;;;;;
SERPINI1;;1.874449825;;2.048954673;;;;
SESN3;;-1.563868888;;;;;;
SETBP1;;2.331098804;;;;;;
SFN;;;;;;;-1.612236453;
SFRP2;;2.052305552;;;;;3.13607215;
SFRP4;;3.992397236;;;;;5.203630938;
SFXN5;;-1.500432672;;;;;;
SGIP1;;2.460312765;;;;;;
SGO1;;-1.767292156;;;;;;
SH3D19;;;;;;3.39558513;6.110351538;5.515230914
SH3PXD2B;1.590573172;;;;;;;
SHCBP1;;-1.616256327;;;;;;
SHISA2;;;;;;;2.718711936;
SHISA9;;;;;;;5.829859417;
SHOX2;;4.517717998;;;;;;
SHROOM2;;3.893762249;;;;;;
SIGLEC10;;-3.261432685;;;-2.775812458;-2.641154903;-2.608802932;-2.870581373
SIK1;;;;-1.547817837;;;;
SIPA1L2;;;;-2.678175797;;;;
SIRPB2;;;;-1.780923525;;;;
SIX1;;5.190023407;;;;5.402406141;;
SIX4;;;;6.29601266;;6.06425017;6.887242447;
SKA1;;-1.942345892;;;;;;
SKA3;;-2.035065232;;-1.952546788;;;;
SLAMF1;1.991703488;2.218908658;;;;;;
SLAMF7;;1.821385871;;;;;;
SLAMF9;;;3.879698444;4.164228534;3.063355523;4.395738726;3.944083531;3.244368778
SLC10A1;;;;;;1.587772193;2.60977141;
SLC10A4;;;9.145461979;10.40109099;;;5.033595376;
SLC12A1;;;;;;6.562324417;5.97186547;6.280776544
SLC16A10;;1.525666338;1.546776328;1.965301665;;;;
SLC16A12;;;;;;;5.541145572;4.010732728
SLC16A14;;-1.564083891;;-3.481948924;;;-2.012368852;
SLC16A3;;;;;;;;1.902702307
SLC16A9;;-1.827761546;;;;-1.85283519;-1.838133878;-1.798518457
SLC17A9;;-1.506789918;;;;;;
SLC1A2;;;;;;;2.826786082;
SLC1A3;;-2.515855389;;;;;;
SLC1A4;;-1.55522083;;;;;;
SLC1A7;;-3.909920287;;;;;;
SLC22A31;;4.453033431;;;;;;
SLC24A3;;-2.322938272;;;;;;
SLC25A10;;-1.780256137;;;;;;
SLC25A13;;-1.539984315;;;;;;
SLC25A45;;;;;;;1.946988273;
SLC25A48;;;;;;-2.185052581;;
SLC27A3;;;;;;;2.277445931;2.527326136
SLC29A1;;;-1.535718375;-3.016251314;;;;
SLC2A11;;;;3.237304871;;;;
SLC2A12;;-1.745711781;;;;;;-1.890799429
SLC2A3;1.709028425;;;;;;1.759254197;
SLC2A4RG;;-1.547024334;;;;;;
SLC2A6;;-2.071416568;-2.076768569;-2.541348994;;;;
SLC35G2;;2.210233922;;2.690083316;;;;
SLC37A3;;2.210439534;;;;;;
SLC38A4;;;;5.494076882;;;;
SLC39A8;;1.927353348;;-2.949812114;;;;
SLC3A1;2.26261839;;;;;1.954765204;2.311976298;1.804849273
SLC40A1;;1.848658851;;;;;-2.122303141;-1.810286895
SLC44A4;;;;;;4.583654038;;
SLC46A2;1.99989252;;;;;;;
SLC4A4;;-2.67651632;;;;1.90146806;;
SLC4A5;;;;1.749714414;;;;
SLC4A8;;;-1.543874083;;;;;
SLC4A9;;2.296671112;;;;;;
SLC6A15;;;;;;2.085389774;;
SLC6A4;;;;;;;2.214762041;
SLC6A7;;3.240834746;;;;;;2.139422692
SLC7A11;;;;1.604058751;;;;
SLC7A5;;;;-2.406174442;;;;
SLC9A9;-1.660118412;-3.410479673;-1.750541747;-2.162124226;;;-2.631459384;-2.397863458
SLCO2B1;;;;;;;;-1.743574591
SLCO4C1;;2.626074041;;;;;;1.577203358
SLCO6A1;;2.821825563;;;;;;
SLIT1;;-3.959977285;;;;;;
SLIT2;;;;;;;4.169075667;3.479311672
SLIT3;;2.477740053;;;;;;
SLITRK3;;;;;;2.1158334;;
SMAD9;;;2.463205136;3.208188291;;;;
SMIM32;;;4.09605936;5.742973029;;;;
SMIM35;;4.142189942;;;;;;
SMIM5;;;;;;;2.672296623;
SMPD3;;;;1.933673731;;;;
SMPDL3B;;;;;;;3.063847859;
SNAI1;2.74189479;3.706829223;;;;;3.460079063;2.668159593
SNCA;;;;1.700040205;;;;
SNCG;;;;1.938703919;;;;
SNTA1;;;;;;;;-1.736951309
SNTG2;;-4.133692549;;;;;;
SNX24;;1.84683204;;;;;;
SOCS1;1.515057592;3.106931105;;;;;;
SOCS2;2.040673551;3.026307957;;;;4.217180798;3.751352566;2.788014006
SOCS3;2.359290194;2.315703442;;;;;;
SOHLH2;;;;;;2.275459499;;
SOX12;;-2.416535074;1.751603536;;;2.234109897;;
SOX4;;1.641681749;;;;2.55171403;2.100620538;2.269213271
SOX6;;;;;;4.448506359;4.084348687;4.750184718
SP140;;2.255855547;;;;;2.150858009;
SP6;;;;2.594721056;;;1.70247223;
SPAAR;;-1.71316685;;;;;;
SPATA20;;-1.560319351;;;;;;
SPATA33;-1.838816756;-5.100304695;;;;;;
SPATC1L;;;;;;1.898734397;2.21276837;2.276031069
SPATS2L;;2.588019359;;;;;2.985428959;3.889497916
SPEF2;;1.534200029;;;;;;
SPHK1;;1.732075568;;;;;;
SPIB;;3.072310936;;;;;;
SPIC;;;;;;-3.235388407;;
SPIN4;;-1.678988121;;;;;;
SPINK4;;;;;;1.716748395;;
SPINK5;;;2.824573382;4.249310926;;;;
SPINT2;;;;1.826548714;;;;
SPOCK1;;-3.47072856;;;;;;
SPOCK2;;3.175557212;;;;;;
SPRY3;;-2.957242801;;;;;-3.042259099;
SPTA1;;;;;;;2.41631899;
SPTBN1;;;;1.764513668;;;;
SQLE;;;;;;;1.570482991;
SRC;;1.510060414;;;;;;
SRCIN1;;;;;;;;4.1391086
SRGAP3;-3.065799128;;;;;;;
SSBP4;;-1.673651168;;;;;;
SST;;3.963353339;;;;;;
SSUH2;;;;;;;;3.061521577
ST3GAL4;;;;;;;-1.520219776;
ST3GAL5;;-1.529913031;;;;;;
ST6GAL1;;1.852747439;;;;;;
ST6GALNAC4;;1.772379026;;;;;;
ST8SIA1;;;2.641975234;4.780973542;;;;
ST8SIA5;;;;1.737411254;;;;
STAB1;;-2.346498096;;;;;;-1.840136552
STAC2;;4.316094443;4.552489266;5.03189914;;2.841745598;3.173254419;
STAG3;;;;;;;2.426777689;
STAP1;;;2.680658317;4.391975296;;;;
STARD10;;;;;;-1.694881096;-1.718065873;-1.958961279
STAT2;;1.592525043;;;;;;
STAT4;3.697742956;4.339551459;;;;3.020880782;2.506953524;2.017631028
STBD1;;;;;;2.946421028;;
STEAP4;;2.28830043;;;;;;
STING1;;-2.1593444;;;;;;
STMN1;;-2.215265053;-1.728671335;-2.561490416;;;;
STMN4;;;;;;3.955057285;5.357203814;
STN1;;1.685505265;;;;;;
STON1;;2.627902182;;;;3.171164;;
STON2;;2.059166657;;;;;;
STOX2;;;1.983160496;2.50863581;;2.415862367;;
STPG3;;-1.625888951;;;;-2.157689511;-2.396826491;-1.846909031
STUM;-3.856962272;;;;;-2.421340806;-3.017570009;-3.584152808
STX11;;1.884055065;;;;;;
SULF1;;;;;;3.584134823;;4.304369772
SULF2;;-1.810683711;;;;;;
SV2C;;;;3.302816027;;;;
SVIL;;;;;;1.614616163;1.623810251;
SVOPL;;-1.573340365;;;;;;
SWAP70;;1.896664242;;;;;;
SYNE1;;1.816057078;;;;;;
SYNE2;;1.515842974;;;;;;
SYNPO;;1.998514487;;;;;;
SYT8;;;;;;-2.391752557;-3.631928103;
SYTL1;;;;;;;2.358361802;
SYTL2;;;;;;;;3.183245861
SYTL3;;;;;;;2.129572324;1.812233742
TAFA4;;;;;;3.271738421;;
TAGLN3;;6.857332775;6.493313928;6.364000267;;;;
TAMALIN;2.034862225;2.405480288;;;;1.515709161;1.982682326;
TAP1;;1.654690722;;;;;;
TAS1R3;;;;;;;1.7278715;2.344575048
TBATA;5.395820662;4.123377035;;5.304780012;;;5.810953095;
TBX1;;4.285333295;1.632371275;;;;;2.243241918
TBX18;;;;;;;;5.449344927
TBX2;5.934299423;7.616126371;;;;;;4.105030464
TBX5;;2.363982909;;;;;;
TCAF2;;2.789612555;;;;;;
TCEA3;;-4.645829813;;;;;;
TCF19;;;;-2.367639927;;;;
TCF24;;;;7.286804065;;5.686117145;;
TCF7;;;;3.656813115;;;;
TCF7L1;;;;;;5.121367541;;
TCHH;;;;-3.131881381;;2.470497171;;2.001189949
TCTE1;;;;3.500226943;;;;
TCTN2;;2.9324652;;;;;;
TDRD7;;1.696263321;;;;;;
TEAD1;;;;;;6.360375637;5.354683921;6.154458016
TEAD3;;;;4.365566534;;;;
TEAD4;;5.069569174;;;;;;
TECTB;;;;2.94253542;;;;
TEKT2;;;;;;-1.837200838;;
TEKT5;;;;;;3.378797511;2.38611665;
TENM3;;;;;;4.14155678;5.697880575;6.537155114
TERB2;;1.786250976;;;;;1.882967084;1.569177116
TERT;;;;;;;2.460294074;
TESMIN;;;;;;;4.013727678;
TEX101;;6.37597232;;;;;;
TEX14;;2.096212383;;;;1.929999312;2.401574647;
TEX9;;1.679439739;;;;1.712498173;;
TFAP2A;;;;;;2.22033746;;2.614661423
TFAP2B;;5.354438629;;;;;;
TFPI2;;;;2.8105157;;;;
TFRC;;-1.558388206;;;;;;
TG;;;;;;1.844895738;;
TGFA;;-2.550488413;;;;;;
TGFB3;;2.037670044;;;;;2.003010571;2.107058359
TGFBI;;;;;;;;-2.094471011
TGFBR3;;;;;;1.933914624;;
THBD;;3.227611985;;;;;;
THBS1;4.526175179;3.387274198;;;;4.180606212;4.376213374;3.281676294
THBS3;;-1.58491825;;;;;;1.584994045
THNSL2;;;;;;3.697109855;3.194009201;
THRA;-1.530944897;-1.61104503;;;;;-1.514438634;
THRB;;;;;;1.957103345;2.409970112;
THSD1;;;;;1.528579677;;;
THSD4;;5.238254799;2.499666088;3.593500158;;;3.643018051;
TIAM2;;2.043953448;;;;;;
TIMD4;;;;;-3.721534957;-3.029788121;;-2.865933981
TJP3;;;;3.40802775;;;3.026434884;
TK1;;;-1.656887183;;;;;
TKT;;-1.871377032;;;;;;
TKTL1;;-5.177585227;;;;;;
TLR7;;;;;;;;-1.979010117
TLR8;;2.567063674;;;;;;
TM4SF1;;3.673188328;;;;;;1.74351799
TM7SF2;;-1.580733562;;;;;;
TMC1;;;;;;1.572715132;;
TMC3;;;3.561679837;;;;;
TMCC2;1.739716565;2.69071821;;2.353261762;;2.386943435;2.081391475;
TMCC3;;5.342999049;;;;;;
TMCO2;;;;;;;2.055094555;
TMEFF2;;5.173629487;;;;;;
TMEM100;;4.778984962;;;;;;
TMEM104;;1.577120809;;;;;;
TMEM106A;;;;;;-1.641810027;-1.601188419;
TMEM132A;;1.507365138;;;;;;
TMEM139;;;;;;;;5.434827995
TMEM140;1.507742574;2.685599471;;;;;;1.548132492
TMEM143;;-1.639154347;;;;;;
TMEM151A;;;;;;;;2.009138117
TMEM151B;;2.30772988;4.459460137;5.379599145;;;;
TMEM156;;1.542127549;;;;;;
TMEM178B;;;;;;;4.902685146;
TMEM213;;;;;;;4.569606816;
TMEM229B;;4.370937447;2.106291851;2.910065008;;;;
TMEM236;;1.746319794;;;;;;
TMEM240;;;;;;;;4.565918057
TMEM241;;-1.839251734;;-1.725955566;-1.983653696;;-1.747720459;-1.896244099
TMEM249;;;;;;-3.424889529;;
TMEM26;;;;;;;1.541171856;
TMEM266;;-1.523475747;;;;;;
TMEM37;;;;-2.117651624;-2.204180722;-1.881666389;;-2.194326256
TMEM38A;;;;;;2.098165818;;
TMEM45B;;;;2.548117807;;;;
TMEM52;;;;-4.659415093;;-3.010620294;;
TMEM52B;;;;;;2.418341976;1.599121179;
TMEM61;;;;4.044093186;;;;
TMEM86A;;;;;;;-1.735428339;
TMEM86B;;;;;;3.275859799;;
TMEM92;;;;2.597370509;;;;
TMIGD1;;;;;;;3.711532037;
TMOD2;;;;3.064608422;;;;
TMTC4;;-1.879623252;;;;;;
TNF;2.410356372;1.8110091;;;;;2.137675007;2.191071326
TNFAIP6;;2.32052146;;;;2.086574231;1.965947491;1.92908384
TNFRSF12A;;;;;;1.825317399;;
TNFRSF13C;;;;-2.145158905;;-1.587007746;;
TNFRSF8;;;;;;;3.887371346;
TNFRSF9;;;;2.544691231;;;;
TNFSF10;;2.808529343;;;;;;
TNFSF11;;3.384405171;;;;;5.03734872;
TNFSF12;;;;;;-1.806242793;-1.731712502;
TNFSF13;;-1.753258434;;;;;;
TNFSF18;1.865805913;;;;;;1.981207001;
TNFSF4;1.545035921;2.787848189;;;;;;
TNNI1;;3.606634251;;;;;;
TNS2;1.624135024;;;;;;;
TNS3;;;;;;-1.603383406;-1.540085769;
TONSL;;-1.939620353;;;;;;
TOP2A;;-2.078964783;;-2.384026796;;;;
TOR3A;;1.513024608;;;;;;
TPBG;2.750591248;;;3.208026855;;;2.262407462;
TRAF1;;2.188090458;;1.874717369;;;;
TRAF3IP2;;1.698783009;;;;;;
TRAFD1;;1.660700897;;;;;;
TRANK1;;3.190162518;;;;;2.253778414;1.804685573
TREML2;;-2.083965886;-2.079224243;;;;;
TREX1;;1.852151903;;;;;;
TRIM16;;;;1.699636372;;;;
TRIM26;;1.615151473;;;;;;
TRIM54;;;;4.106741843;;;;
TRIM66;;;;1.677099133;;;1.670046008;
TRIM72;;;;5.174740019;;;2.944531821;
TRIP13;;-2.381797389;;-1.532648282;;;;
TRMT9B;;-1.582230108;;;;;;
TRPC1;;;;4.304211648;;;4.276661354;3.289276466
TRPM2;;-1.817969542;;;;;;
TRPT1;;;;1.843563065;;;;
TRPV3;;;;4.083729751;;;;
TSC22D1;;1.728929456;;;;;;
TSC22D2;;1.561770403;;;;;;
TSGA10;;;1.604230447;;;;;
TSPAN12;;;;1.882832211;;;;
TSPAN13;;1.976696969;;;;;;
TSPAN2;;;;;;;2.473127655;
TSPAN33;;1.600846447;;;;;;
TSPAN4;;;;;;;-1.552425329;
TST;;;;2.371906141;;;;
TTC16;;;;;;;2.033563707;
TTC22;;-2.688405648;;3.167278411;;;;
TTC26;;2.899419526;;;;;1.778775775;
TTC28;;1.665283234;;;;;;
TTC39A;;;4.026851621;5.119940418;;;;
TTC8;;;;2.207714017;;;;
TTK;;-1.766581079;;;;;;
TTLL7;;;;2.645923549;;;1.534468332;
TTN;;2.302593306;;;;;;
TUBB2B;;1.746358788;;;;;;
TUSC3;;;;;;;3.845437419;
TXK;;;;;;;;2.60429883
TXNDC16;;-2.240465544;;;;;;
TYMS;;-2.42992719;-1.642294954;;;;;
UBE2C;;-1.591507788;;;;;;
UBE2L6;2.016953976;2.812574002;;;;;1.94887302;
UCHL1;;2.158952501;1.920995341;4.173154865;;;;
UCK2;;-1.630719241;;;;;;
UCP3;;-2.62903668;;;;;;
UGGT2;;;;;;;2.092751934;
UGT8;;-1.814383334;;;;;;
UHRF1;;-2.335574313;-1.929513181;;;;;
UHRF1BP1L;;;1.638750835;1.751466929;;;;
UNC13A;;;;;;2.556557654;;2.837079648
UNC13B;;-1.588463871;;1.985539624;;;;
UNC5A;;;;;;1.658704837;2.253269951;
UNC80;;;4.394934694;3.853115808;;;;
UPB1;;3.556237708;;;;;;
USHBP1;;3.548148605;1.535740396;;;;;
USP18;;2.746949494;;;;;;
UST;;2.004797525;;;;;;
UTF1;;;3.168120197;4.055387308;;;;
VASH2;;;;2.688494362;3.184404044;;;
VAT1L;;;;;;;3.043228021;
VAX1;;;;;;5.055795841;;
VCAM1;3.178763187;4.792339491;;;;;;
VCAN;;;;-2.807598853;;;2.461452248;2.60275588
VEGFA;1.95227212;2.991170948;;;;2.116596839;1.830580806;1.94178893
VEGFC;1.737467487;;;;;;;
VIPR1;;-2.586258099;;;;;-1.620558449;
VNN2;;-1.525536876;;;;;;
VSIG10L2;;;;5.082514415;;;;
VSIG8;;;;1.837454077;;2.301243657;1.658095043;
VTN;;-3.35936327;;;;;;
VWA3B;;;;;;1.575061153;;
VWCE;;;;;;;;2.505709455
WDR76;;-1.613937995;;;;;;
WDR81;;;;;;-1.643221779;;
WFDC2;;1.66970628;;;;;;
WNK2;;;;;;1.521869944;;2.27392326
WNT2B;;2.634416311;;;;;;
WNT5A;;;;;;;5.15455282;
WNT5B;;;;-2.555824089;;;;
WNT6;;;;1.863375658;;;;
WNT9A;;;;-2.212761815;;-2.161383871;-2.062734634;-1.826445673
WWC2;;;;3.496213058;;4.088181649;5.826214263;
XAF1;;1.661361569;;;;;1.507669597;1.520100755
XKR6;;;;;;;3.810395411;
YAP1;;;;;;2.242619862;;
YBX2;;;;5.469524639;;;;
YDJC;1.669628672;1.566162323;;;;;;
YES1;;;;;;7.277933059;7.921726735;7.243799332
YPEL4;;;;3.095530683;;;;
ZBP1;;3.011460448;;;;;2.334762972;2.352742861
ZBTB10;;2.077526536;;;;1.68827573;;
ZBTB20;;;;;;1.836327865;;
ZBTB8A;;;;;;2.707078724;;
ZC3H12A;1.594564172;;;;;;;
ZC3H12D;;;1.508004809;2.147159042;;;;
ZC3HAV1L;;;;;;;1.647715216;1.633864462
ZCCHC12;;;;2.708468362;;;;
ZCCHC24;;;;;;-1.74115182;;
ZCCHC3;;;;1.958498125;;2.914938006;2.569297484;1.867141162
ZCWPW1;;-1.822374644;;;;;;
ZDHHC1;;-2.177303642;;;;;;
ZDHHC14;;1.600824804;;;;;;
ZDHHC23;;;;1.548154152;;;;
ZFP37;;7.08541675;;;;;;
ZG16B;;;;3.098432645;;;;
ZGLP1;;;;;;;;1.823847842
ZMAT1;;3.040873327;;;;;;
ZMAT4;;;;;;-2.324706375;;
ZMYND12;;;;;;5.588033532;;
ZNF142;;1.874522175;;;;;;
ZNF300;;;;;;1.725896199;;
ZNF365;;3.705766611;;;;;;
ZNF367;;-1.838634963;-1.535947643;-1.641569544;;;;
ZNF385A;-1.60495628;-1.63779999;;;;;;
ZNF385B;;;;;;4.73981596;6.691640452;7.6095184
ZNF395;;;1.662151992;;;;;
ZNF684;;;;;;1.646144182;;
ZNFX1;;1.925247355;;;;;;
ZSCAN10;;2.833203931;;;;;;
ZUP1;;1.680675174;;;;;;
ZWILCH;;-1.578822435;;;;;;
ZWINT;;-1.528868166;-1.648438707;;;;;
